Snapshot_Date,SKU,Current_Stock,On_Order,Lead_Time_Days,Safety_Stock,Reorder_Point,Inventory_Value
2024-01-01,SKU001,16,23,11,7,18,58420.96
2024-01-01,SKU002,29,12,4,5,10,163983.4
2024-01-01,SKU003,34,23,14,6,20,209060.22
2024-01-01,SKU004,34,4,7,5,12,42257.92
2024-01-01,SKU005,23,5,5,6,11,170945.89
2024-01-01,SKU006,13,6,5,5,10,86143.2
2024-01-01,SKU007,12,2,3,7,10,54576.36
2024-01-01,SKU008,18,22,7,5,12,119954.52
2024-01-01,SKU009,13,14,12,5,17,38968.54
2024-01-01,SKU010,28,9,12,5,17,200807.32
2024-01-01,SKU011,5,3,3,5,10,19335.45
2024-01-01,SKU012,24,14,3,5,10,34697.76
2024-01-01,SKU013,5,19,4,6,10,38741.0
2024-01-01,SKU014,20,12,6,6,12,62421.2
2024-01-01,SKU015,23,20,6,5,11,28908.47
2024-01-01,SKU016,20,18,3,7,10,40171.0
2024-01-01,SKU017,28,11,7,5,12,187691.28
2024-01-01,SKU018,32,37,13,7,20,85466.88
2024-01-01,SKU019,7,32,12,5,17,22770.72
2024-01-01,SKU020,31,17,3,5,10,171719.54
2024-01-01,SKU021,26,17,4,5,10,7983.56
2024-01-01,SKU022,32,20,6,6,12,172882.88
2024-01-01,SKU023,29,8,5,5,10,110391.4
2024-01-01,SKU024,10,12,12,7,19,13334.3
2024-01-01,SKU025,34,10,12,7,19,132634.0
2024-01-01,SKU026,14,33,11,7,18,86502.36
2024-01-01,SKU027,25,1,11,5,16,114596.5
2024-01-01,SKU028,5,3,9,7,16,2444.2
2024-01-01,SKU029,5,17,13,5,18,17080.5
2024-01-01,SKU030,30,23,10,5,15,61890.9
2024-01-01,SKU031,22,17,4,5,10,55557.7
2024-01-01,SKU032,19,21,9,5,14,86773.0
2024-01-01,SKU033,10,17,4,5,10,33995.0
2024-01-01,SKU034,29,2,6,5,11,44777.16
2024-01-01,SKU035,23,18,5,5,10,134510.44
2024-01-01,SKU036,25,16,6,6,12,37496.5
2024-01-01,SKU037,32,1,4,5,10,180687.36
2024-01-01,SKU038,23,21,8,7,15,73666.93
2024-01-01,SKU039,17,25,14,6,20,51918.85
2024-01-01,SKU040,22,0,4,5,10,25620.1
2024-01-01,SKU041,23,8,9,5,14,130472.79
2024-01-01,SKU042,15,26,9,6,15,116416.8
2024-01-01,SKU043,17,2,13,5,18,63453.35
2024-01-01,SKU044,27,6,13,5,18,26919.81
2024-01-01,SKU045,16,6,3,7,10,29093.12
2024-01-01,SKU046,22,21,9,5,14,104256.9
2024-01-01,SKU047,23,11,4,7,11,140956.19
2024-01-01,SKU048,15,10,8,5,13,53980.8
2024-01-01,SKU049,11,1,11,5,16,58149.41
2024-01-01,SKU050,19,18,11,6,17,65977.69
2024-01-01,SKU051,11,4,3,5,10,30870.62
2024-01-01,SKU052,15,19,4,5,10,15770.55
2024-01-01,SKU053,12,1,11,5,16,89036.16
2024-01-01,SKU054,32,11,7,5,12,94023.68
2024-01-01,SKU055,30,8,4,6,10,230364.9
2024-01-01,SKU056,13,16,8,5,13,82110.6
2024-01-01,SKU057,21,32,11,7,18,85112.58
2024-01-01,SKU058,34,13,13,6,19,159150.26
2024-01-01,SKU059,28,14,7,6,13,78950.48
2024-01-01,SKU060,14,19,6,7,13,51121.84
2024-01-01,SKU061,27,3,12,7,19,194271.75
2024-01-01,SKU062,25,30,14,5,19,113594.5
2024-01-01,SKU063,6,15,3,6,10,14577.36
2024-01-01,SKU064,30,7,8,7,15,176526.3
2024-01-01,SKU065,6,16,9,6,15,44094.54
2024-01-01,SKU066,6,10,14,5,19,3239.7
2024-01-01,SKU067,26,1,13,5,18,173702.62
2024-01-01,SKU068,28,28,10,5,15,75819.24
2024-01-01,SKU069,31,15,8,7,15,131492.39
2024-01-01,SKU070,6,13,10,6,16,45026.04
2024-01-01,SKU071,28,28,13,5,18,101416.0
2024-01-01,SKU072,16,6,11,5,16,114568.0
2024-01-01,SKU073,34,14,5,5,10,243923.14
2024-01-01,SKU074,23,17,11,7,18,62064.35
2024-01-01,SKU075,28,24,11,5,16,88083.8
2024-01-01,SKU076,5,15,5,6,11,30188.1
2024-01-01,SKU077,14,13,9,5,14,29645.28
2024-01-01,SKU078,23,19,5,5,10,153895.76
2024-01-01,SKU079,25,9,11,5,16,122380.5
2024-01-01,SKU080,13,13,8,5,13,23040.81
2024-01-01,SKU081,22,5,3,5,10,171196.3
2024-01-01,SKU082,7,4,5,5,10,9556.47
2024-01-01,SKU083,33,17,5,5,10,41963.46
2024-01-01,SKU084,32,17,6,5,11,38214.4
2024-01-01,SKU085,34,9,11,5,16,161624.1
2024-01-01,SKU086,10,7,13,7,20,64819.7
2024-01-01,SKU087,8,5,9,5,14,10125.6
2024-01-01,SKU088,22,18,10,5,15,163649.42
2024-01-01,SKU089,19,17,13,6,19,76694.07
2024-01-01,SKU090,31,2,6,5,11,237338.48
2024-01-01,SKU091,18,4,12,5,17,7967.88
2024-01-01,SKU092,13,4,3,5,10,67123.03
2024-01-01,SKU093,8,7,14,6,20,27985.12
2024-01-01,SKU094,10,19,14,5,19,48693.3
2024-01-01,SKU095,19,20,6,5,11,73571.99
2024-01-01,SKU096,23,6,13,7,20,8929.52
2024-01-01,SKU097,31,16,12,6,18,199185.23
2024-01-01,SKU098,6,19,8,6,14,26180.76
2024-01-01,SKU099,9,4,5,5,10,44316.72
2024-01-01,SKU100,10,2,12,5,17,31499.3
2024-01-01,SKU101,28,14,9,5,14,195245.4
2024-01-01,SKU102,10,4,5,5,10,21707.6
2024-01-01,SKU103,29,21,12,6,18,190773.89
2024-01-01,SKU104,30,5,5,5,10,22974.9
2024-01-01,SKU105,18,0,3,6,10,119540.7
2024-01-01,SKU106,6,20,10,7,17,8190.06
2024-01-01,SKU107,28,3,14,6,20,68784.24
2024-01-01,SKU108,19,17,3,5,10,21755.95
2024-01-01,SKU109,20,5,3,7,10,32069.4
2024-01-01,SKU110,34,17,9,6,15,164266.24
2024-01-01,SKU111,26,9,3,7,10,70575.18
2024-01-01,SKU112,24,1,9,5,14,168750.96
2024-01-01,SKU113,25,2,4,5,10,41415.25
2024-01-01,SKU114,17,19,8,6,14,37106.75
2024-01-01,SKU115,6,7,9,6,15,3790.32
2024-01-01,SKU116,23,16,3,5,10,99109.07
2024-01-01,SKU117,12,8,7,5,12,7832.4
2024-01-01,SKU118,29,25,13,5,18,29525.77
2024-01-01,SKU119,10,27,13,5,18,78416.7
2024-01-01,SKU120,9,21,14,5,19,56618.55
2024-01-01,SKU121,10,16,9,6,15,12927.8
2024-01-01,SKU122,18,7,13,5,18,76234.14
2024-01-01,SKU123,33,25,9,6,15,106736.52
2024-01-01,SKU124,18,3,6,7,13,41671.62
2024-01-01,SKU125,28,4,3,5,10,97464.92
2024-01-01,SKU126,24,11,8,6,14,74357.28
2024-01-01,SKU127,26,21,7,5,12,82962.1
2024-01-01,SKU128,15,10,4,5,10,38261.85
2024-01-01,SKU129,17,20,6,6,12,67610.02
2024-01-01,SKU130,27,0,12,6,18,118789.74
2024-01-01,SKU131,29,5,9,5,14,188037.16
2024-01-01,SKU132,5,1,8,5,13,25775.55
2024-01-01,SKU133,29,7,7,6,13,52740.56
2024-01-01,SKU134,21,10,7,7,14,145331.97
2024-01-01,SKU135,11,5,8,5,13,10856.89
2024-01-01,SKU136,34,15,3,5,10,30763.88
2024-01-01,SKU137,16,7,6,5,11,122901.12
2024-01-01,SKU138,23,0,11,5,16,111573.92
2024-01-01,SKU139,28,12,13,6,19,212287.88
2024-01-01,SKU140,28,30,14,5,19,135046.52
2024-01-01,SKU141,8,9,5,5,10,12620.08
2024-01-01,SKU142,15,1,7,5,12,70295.1
2024-01-01,SKU143,29,21,13,6,19,178941.89
2024-01-01,SKU144,24,12,12,5,17,97540.56
2024-01-01,SKU145,21,4,12,5,17,24736.74
2024-01-01,SKU146,30,20,7,6,13,27892.2
2024-01-01,SKU147,20,15,9,5,14,125019.8
2024-01-01,SKU148,21,13,6,5,11,59549.49
2024-01-01,SKU149,9,13,9,5,14,21119.85
2024-01-01,SKU150,8,19,5,5,10,21495.28
2024-01-01,SKU151,23,22,9,5,14,172614.77
2024-01-01,SKU152,27,16,14,6,20,86959.71
2024-01-01,SKU153,25,25,10,5,15,187627.0
2024-01-01,SKU154,6,7,7,7,14,23790.66
2024-01-01,SKU155,16,5,7,5,12,93002.24
2024-01-01,SKU156,13,3,10,5,15,15186.73
2024-01-01,SKU157,34,15,9,5,14,40626.26
2024-01-01,SKU158,28,29,13,5,18,155883.0
2024-01-01,SKU159,6,17,3,7,10,39881.1
2024-01-01,SKU160,20,16,7,5,12,76075.0
2024-01-01,SKU161,19,7,7,5,12,139990.48
2024-01-01,SKU162,26,19,3,5,10,28783.56
2024-01-01,SKU163,25,30,11,5,16,61257.25
2024-01-01,SKU164,16,5,12,6,18,17196.0
2024-01-01,SKU165,27,23,10,5,15,142788.69
2024-01-01,SKU166,31,8,13,5,18,223262.31
2024-01-01,SKU167,8,6,9,5,14,10867.36
2024-01-01,SKU168,21,13,7,5,12,37507.68
2024-01-01,SKU169,5,14,9,5,14,2651.3
2024-01-01,SKU170,32,18,4,6,10,20811.2
2024-01-01,SKU171,31,8,14,5,19,65062.18
2024-01-01,SKU172,12,18,3,5,10,8322.6
2024-01-01,SKU173,27,19,13,5,18,168313.68
2024-01-01,SKU174,26,4,6,5,11,175353.1
2024-01-01,SKU175,7,21,7,6,13,8527.12
2024-01-01,SKU176,32,5,6,5,11,192806.72
2024-01-01,SKU177,18,10,7,7,14,26152.2
2024-01-01,SKU178,14,31,13,5,18,24444.98
2024-01-01,SKU179,20,14,13,7,20,156931.8
2024-01-01,SKU180,14,16,13,5,18,9413.32
2024-01-01,SKU181,16,1,4,6,10,113634.08
2024-01-01,SKU182,25,0,10,5,15,39793.5
2024-01-01,SKU183,30,31,13,6,19,235356.3
2024-01-01,SKU184,9,14,5,7,12,56939.67
2024-01-01,SKU185,11,19,3,6,10,15122.36
2024-01-01,SKU186,8,10,9,5,14,20683.28
2024-01-01,SKU187,12,18,6,5,11,63378.72
2024-01-01,SKU188,30,1,4,5,10,42012.0
2024-01-01,SKU189,21,18,5,6,11,82421.01
2024-01-01,SKU190,34,21,9,6,15,43833.82
2024-01-01,SKU191,21,14,4,5,10,74891.25
2024-01-01,SKU192,19,17,5,7,12,98199.22
2024-01-01,SKU193,25,7,9,5,14,48415.5
2024-01-01,SKU194,14,18,12,6,18,37898.98
2024-01-01,SKU195,23,11,3,5,10,90264.19
2024-01-01,SKU196,11,23,8,6,14,51552.05
2024-01-01,SKU197,22,2,7,6,13,115975.2
2024-01-01,SKU198,19,0,3,7,10,51312.54
2024-01-01,SKU199,22,2,11,7,18,79056.78
2024-01-01,SKU200,28,19,5,7,12,85262.52
2024-02-01,SKU001,918,496,3,246,346,3351902.58
2024-02-01,SKU002,277,465,4,154,234,1566324.2
2024-02-01,SKU003,309,257,11,39,177,1899988.47
2024-02-01,SKU004,168,422,5,141,236,208803.84
2024-02-01,SKU005,401,292,10,161,373,2980404.43
2024-02-01,SKU006,464,145,9,63,212,3074649.6
2024-02-01,SKU007,282,685,13,143,390,1282544.46
2024-02-01,SKU008,186,157,10,128,376,1239530.04
2024-02-01,SKU009,94,252,14,72,218,281772.52
2024-02-01,SKU010,100,131,13,24,69,717169.0
2024-02-01,SKU011,596,324,13,139,466,2304785.64
2024-02-01,SKU012,67,83,13,13,56,96864.58
2024-02-01,SKU013,269,157,10,25,104,2084265.8
2024-02-01,SKU014,383,1,8,98,241,1195365.98
2024-02-01,SKU015,607,325,10,120,297,762932.23
2024-02-01,SKU016,299,121,11,66,173,600556.45
2024-02-01,SKU017,218,315,7,85,175,1461310.68
2024-02-01,SKU018,645,236,5,130,222,1722691.8
2024-02-01,SKU019,163,199,11,25,111,530232.48
2024-02-01,SKU020,643,650,7,204,468,3561795.62
2024-02-01,SKU021,194,11,13,46,137,59569.64
2024-02-01,SKU022,394,205,14,45,218,2128620.46
2024-02-01,SKU023,46,153,14,61,183,175103.6
2024-02-01,SKU024,165,251,7,67,172,220015.95
2024-02-01,SKU025,532,517,8,211,489,2075332.0
2024-02-01,SKU026,146,65,11,31,101,902096.04
2024-02-01,SKU027,568,306,7,69,198,2603632.48
2024-02-01,SKU028,711,290,8,104,272,347565.24
2024-02-01,SKU029,429,569,5,190,333,1465506.9
2024-02-01,SKU030,68,61,9,52,115,140286.04
2024-02-01,SKU031,68,81,12,33,100,171723.8
2024-02-01,SKU032,272,122,5,64,122,1242224.0
2024-02-01,SKU033,266,80,9,43,150,904267.0
2024-02-01,SKU034,37,67,11,23,81,57129.48
2024-02-01,SKU035,552,394,13,169,460,3228250.56
2024-02-01,SKU036,223,124,14,130,414,334468.78
2024-02-01,SKU037,870,906,7,352,674,4912437.6
2024-02-01,SKU038,301,57,7,75,153,964075.91
2024-02-01,SKU039,24,111,5,33,56,73297.2
2024-02-01,SKU040,67,68,3,36,55,78024.85
2024-02-01,SKU041,301,16,6,71,170,1707491.73
2024-02-01,SKU042,70,86,4,37,67,543278.4
2024-02-01,SKU043,114,410,5,97,208,425510.7
2024-02-01,SKU044,257,185,14,27,136,256236.71
2024-02-01,SKU045,491,158,7,50,157,892795.12
2024-02-01,SKU046,89,167,12,82,234,421766.55
2024-02-01,SKU047,59,135,9,32,94,361583.27
2024-02-01,SKU048,134,20,6,24,47,482228.48
2024-02-01,SKU049,730,566,5,167,327,3859006.3
2024-02-01,SKU050,312,154,5,114,205,1083423.12
2024-02-01,SKU051,51,42,10,19,64,143127.42
2024-02-01,SKU052,178,8,9,34,81,187143.86
2024-02-01,SKU053,1332,238,11,149,626,9883013.76
2024-02-01,SKU054,257,229,13,58,154,755127.68
2024-02-01,SKU055,440,139,5,50,132,3378685.2
2024-02-01,SKU056,29,17,3,9,17,183169.8
2024-02-01,SKU057,198,22,12,79,203,802490.04
2024-02-01,SKU058,414,698,11,156,411,1937888.46
2024-02-01,SKU059,14,46,4,15,24,39475.24
2024-02-01,SKU060,285,92,6,48,100,1040694.6
2024-02-01,SKU061,148,236,14,46,165,1064897.0
2024-02-01,SKU062,493,258,9,148,319,2240083.54
2024-02-01,SKU063,524,412,8,87,235,1273089.44
2024-02-01,SKU064,127,424,5,124,225,747294.67
2024-02-01,SKU065,295,83,5,111,190,2167981.55
2024-02-01,SKU066,345,338,14,123,392,186282.75
2024-02-01,SKU067,47,26,4,26,39,314000.89
2024-02-01,SKU068,233,310,11,106,280,630924.39
2024-02-01,SKU069,557,922,13,253,696,2362621.33
2024-02-01,SKU070,197,110,7,50,141,1478354.98
2024-02-01,SKU071,234,167,3,58,84,847548.0
2024-02-01,SKU072,79,40,12,45,155,565679.5
2024-02-01,SKU073,1084,187,6,239,431,7776843.64
2024-02-01,SKU074,15,12,11,6,15,40476.75
2024-02-01,SKU075,1600,375,6,279,624,5033360.0
2024-02-01,SKU076,60,68,14,8,37,362257.2
2024-02-01,SKU077,169,40,13,88,233,357860.88
2024-02-01,SKU078,137,39,3,30,47,916683.44
2024-02-01,SKU079,614,578,14,91,366,3005665.08
2024-02-01,SKU080,527,665,13,88,362,934038.99
2024-02-01,SKU081,336,112,3,104,153,2614634.4
2024-02-01,SKU082,365,85,8,72,165,498301.65
2024-02-01,SKU083,21,15,8,20,47,26704.02
2024-02-01,SKU084,177,8,8,35,111,211373.4
2024-02-01,SKU085,138,301,9,73,184,656003.7
2024-02-01,SKU086,178,60,7,33,71,1153790.66
2024-02-01,SKU087,132,241,14,57,289,167072.4
2024-02-01,SKU088,173,20,14,74,307,1286879.53
2024-02-01,SKU089,329,134,8,64,151,1328018.37
2024-02-01,SKU090,295,296,12,68,230,2258543.6
2024-02-01,SKU091,334,198,10,74,185,147848.44
2024-02-01,SKU092,94,1,10,15,43,485351.14
2024-02-01,SKU093,251,438,6,106,220,878033.14
2024-02-01,SKU094,17,10,5,5,10,82778.61
2024-02-01,SKU095,367,288,12,53,240,1421101.07
2024-02-01,SKU096,93,28,3,29,42,36106.32
2024-02-01,SKU097,561,74,3,84,140,3604610.13
2024-02-01,SKU098,452,230,12,137,347,1972283.92
2024-02-01,SKU099,341,245,6,98,210,1679111.28
2024-02-01,SKU100,138,229,7,90,256,434690.34
2024-02-01,SKU101,543,801,11,218,564,3786366.15
2024-02-01,SKU102,81,328,13,48,166,175831.56
2024-02-01,SKU103,472,234,8,114,296,3105009.52
2024-02-01,SKU104,65,177,13,51,164,49778.95
2024-02-01,SKU105,491,32,11,67,259,3260804.65
2024-02-01,SKU106,718,367,10,124,372,980077.18
2024-02-01,SKU107,140,31,9,22,85,343921.2
2024-02-01,SKU108,21,27,11,7,20,24046.05
2024-02-01,SKU109,147,53,8,21,72,235710.09
2024-02-01,SKU110,932,406,10,187,466,4502827.52
2024-02-01,SKU111,190,3,8,16,59,515741.7
2024-02-01,SKU112,903,98,6,95,255,6349254.87
2024-02-01,SKU113,225,42,7,33,78,372737.25
2024-02-01,SKU114,383,191,3,63,97,835993.25
2024-02-01,SKU115,306,142,7,100,198,193306.32
2024-02-01,SKU116,134,60,6,16,47,577418.06
2024-02-01,SKU117,349,82,3,78,112,227792.3
2024-02-01,SKU118,37,90,14,20,63,37670.81
2024-02-01,SKU119,268,50,4,32,69,2101567.56
2024-02-01,SKU120,71,172,12,42,179,446657.45
2024-02-01,SKU121,20,9,6,6,11,25855.6
2024-02-01,SKU122,42,25,13,35,106,177879.66
2024-02-01,SKU123,368,9,9,92,236,1190273.92
2024-02-01,SKU124,73,31,6,22,49,169001.57
2024-02-01,SKU125,601,9,12,93,328,2092014.89
2024-02-01,SKU126,498,569,9,125,308,1542913.56
2024-02-01,SKU127,123,269,3,83,136,392474.55
2024-02-01,SKU128,191,375,7,115,265,487200.89
2024-02-01,SKU129,39,80,12,13,49,155105.34
2024-02-01,SKU130,335,637,14,188,579,1473872.7
2024-02-01,SKU131,186,147,11,21,84,1206031.44
2024-02-01,SKU132,345,24,6,62,154,1778512.95
2024-02-01,SKU133,884,821,6,286,520,1607677.76
2024-02-01,SKU134,67,21,13,56,193,463678.19
2024-02-01,SKU135,490,161,9,99,227,483625.1
2024-02-01,SKU136,114,199,14,29,106,103149.48
2024-02-01,SKU137,657,208,4,143,305,5046627.24
2024-02-01,SKU138,66,50,9,26,84,320168.64
2024-02-01,SKU139,616,430,6,131,252,4670333.36
2024-02-01,SKU140,314,140,6,187,362,1514450.26
2024-02-01,SKU141,182,240,8,161,339,287106.82
2024-02-01,SKU142,550,50,8,52,188,2577487.0
2024-02-01,SKU143,397,184,8,82,196,2449652.77
2024-02-01,SKU144,127,65,12,23,76,516152.13
2024-02-01,SKU145,535,651,10,219,604,630197.9
2024-02-01,SKU146,592,282,6,108,213,550406.08
2024-02-01,SKU147,411,226,13,53,240,2569156.89
2024-02-01,SKU148,79,178,12,33,103,224019.51
2024-02-01,SKU149,179,139,8,53,166,420050.35
2024-02-01,SKU150,419,316,11,46,187,1125815.29
2024-02-01,SKU151,282,839,12,275,764,2116407.18
2024-02-01,SKU152,389,345,12,46,202,1252863.97
2024-02-01,SKU153,240,102,10,106,247,1801219.2
2024-02-01,SKU154,29,177,13,24,95,114988.19
2024-02-01,SKU155,103,46,5,33,76,598701.92
2024-02-01,SKU156,227,402,8,81,219,265183.67
2024-02-01,SKU157,74,8,13,17,47,88421.86
2024-02-01,SKU158,332,500,7,168,355,1848327.0
2024-02-01,SKU159,221,18,7,100,280,1468953.85
2024-02-01,SKU160,117,52,4,38,62,445038.75
2024-02-01,SKU161,116,295,10,68,250,854678.72
2024-02-01,SKU162,420,1034,13,160,545,464965.2
2024-02-01,SKU163,290,204,4,82,130,710584.1
2024-02-01,SKU164,156,216,12,54,191,167661.0
2024-02-01,SKU165,308,22,10,59,176,1628848.76
2024-02-01,SKU166,204,50,10,102,255,1469210.04
2024-02-01,SKU167,266,45,13,41,141,361339.72
2024-02-01,SKU168,262,187,6,51,114,467952.96
2024-02-01,SKU169,117,329,14,117,341,62040.42
2024-02-01,SKU170,248,111,4,47,88,161286.8
2024-02-01,SKU171,138,45,5,29,53,289631.64
2024-02-01,SKU172,13,34,5,10,22,9016.15
2024-02-01,SKU173,131,187,3,58,99,816633.04
2024-02-01,SKU174,593,707,13,150,536,3999399.55
2024-02-01,SKU175,542,347,5,115,200,660242.72
2024-02-01,SKU176,38,67,10,26,75,228957.98
2024-02-01,SKU177,85,40,12,50,137,123496.5
2024-02-01,SKU178,189,342,12,83,209,330007.23
2024-02-01,SKU179,735,613,4,254,422,5767243.65
2024-02-01,SKU180,876,563,14,280,869,589004.88
2024-02-01,SKU181,366,805,3,316,439,2599379.58
2024-02-01,SKU182,304,277,7,59,164,483888.96
2024-02-01,SKU183,1928,1483,6,545,1007,15125564.88
2024-02-01,SKU184,109,28,4,47,76,689602.67
2024-02-01,SKU185,175,168,13,52,179,240583.0
2024-02-01,SKU186,282,591,8,162,349,729085.62
2024-02-01,SKU187,545,51,3,56,103,2878450.2
2024-02-01,SKU188,102,222,13,71,297,142840.8
2024-02-01,SKU189,114,26,8,23,74,447428.34
2024-02-01,SKU190,358,475,14,95,273,461544.34
2024-02-01,SKU191,237,86,10,47,127,845201.25
2024-02-01,SKU192,62,81,13,17,66,320439.56
2024-02-01,SKU193,281,6,10,54,141,544190.22
2024-02-01,SKU194,449,274,13,137,362,1215474.43
2024-02-01,SKU195,382,99,5,157,265,1499170.46
2024-02-01,SKU196,31,8,4,5,12,145283.05
2024-02-01,SKU197,130,306,13,48,214,685308.0
2024-02-01,SKU198,285,56,12,74,215,769688.1
2024-02-01,SKU199,245,220,6,65,164,880405.05
2024-02-01,SKU200,167,80,7,32,70,508530.03
2024-03-01,SKU001,502,312,8,270,553,1832957.62
2024-03-01,SKU002,636,367,9,155,350,3596325.6
2024-03-01,SKU003,211,442,11,111,263,1297403.13
2024-03-01,SKU004,156,137,13,124,391,193889.28
2024-03-01,SKU005,638,295,9,130,335,4741890.34
2024-03-01,SKU006,477,136,12,62,266,3160792.8
2024-03-01,SKU007,565,231,11,97,310,2569636.95
2024-03-01,SKU008,537,304,14,177,549,3578643.18
2024-03-01,SKU009,317,104,5,49,105,950232.86
2024-03-01,SKU010,89,106,5,33,54,638280.41
2024-03-01,SKU011,574,255,5,217,355,2219709.66
2024-03-01,SKU012,93,39,5,11,29,134453.82
2024-03-01,SKU013,344,197,4,64,105,2665380.8
2024-03-01,SKU014,336,8,14,133,408,1048676.16
2024-03-01,SKU015,429,85,4,122,198,539205.81
2024-03-01,SKU016,311,97,12,63,217,624659.05
2024-03-01,SKU017,237,170,6,89,168,1588672.62
2024-03-01,SKU018,270,347,13,85,331,721126.8
2024-03-01,SKU019,257,104,6,30,81,836010.72
2024-03-01,SKU020,736,121,3,272,396,4076954.24
2024-03-01,SKU021,146,114,6,25,70,44830.76
2024-03-01,SKU022,109,191,9,42,155,588882.31
2024-03-01,SKU023,151,321,14,59,203,574796.6
2024-03-01,SKU024,436,379,8,66,195,581375.48
2024-03-01,SKU025,585,659,6,137,372,2282085.0
2024-03-01,SKU026,140,20,9,35,98,865023.6
2024-03-01,SKU027,536,487,11,76,313,2456948.96
2024-03-01,SKU028,292,420,8,152,323,142741.28
2024-03-01,SKU029,346,111,14,119,537,1181970.6
2024-03-01,SKU030,115,22,4,48,76,237248.45
2024-03-01,SKU031,159,66,7,27,78,401530.65
2024-03-01,SKU032,429,87,7,47,134,1959243.0
2024-03-01,SKU033,312,346,9,68,179,1060644.0
2024-03-01,SKU034,197,162,14,42,139,304175.88
2024-03-01,SKU035,349,30,4,129,229,2041049.72
2024-03-01,SKU036,428,259,4,80,171,641940.08
2024-03-01,SKU037,414,283,8,188,579,2337642.72
2024-03-01,SKU038,122,61,9,73,184,390755.02
2024-03-01,SKU039,71,87,6,30,66,216837.55
2024-03-01,SKU040,86,155,9,38,97,100151.3
2024-03-01,SKU041,234,279,11,85,293,1327418.82
2024-03-01,SKU042,72,50,10,62,141,558800.64
2024-03-01,SKU043,165,429,9,125,336,615870.75
2024-03-01,SKU044,47,64,3,44,68,46860.41
2024-03-01,SKU045,453,182,3,75,129,823698.96
2024-03-01,SKU046,456,53,9,64,194,2160961.2
2024-03-01,SKU047,56,99,6,38,83,343197.68
2024-03-01,SKU048,70,12,5,25,43,251910.4
2024-03-01,SKU049,813,310,3,216,309,4297770.03
2024-03-01,SKU050,458,35,4,108,186,1590409.58
2024-03-01,SKU051,54,127,10,33,89,151546.68
2024-03-01,SKU052,48,36,5,27,58,50465.76
2024-03-01,SKU053,1315,1625,14,208,879,9756879.2
2024-03-01,SKU054,237,55,9,31,100,696362.88
2024-03-01,SKU055,422,151,12,110,314,3240466.26
2024-03-01,SKU056,19,45,10,13,44,120007.8
2024-03-01,SKU057,362,199,7,55,130,1467178.76
2024-03-01,SKU058,542,571,7,164,344,2537042.38
2024-03-01,SKU059,96,49,8,12,37,270687.36
2024-03-01,SKU060,101,234,13,52,172,368807.56
2024-03-01,SKU061,73,19,10,36,120,525253.25
2024-03-01,SKU062,310,181,4,100,192,1408571.8
2024-03-01,SKU063,105,555,14,120,411,255103.8
2024-03-01,SKU064,482,550,11,147,380,2836189.22
2024-03-01,SKU065,191,378,8,104,233,1403676.19
2024-03-01,SKU066,213,96,7,84,229,115009.35
2024-03-01,SKU067,108,41,13,20,88,721533.96
2024-03-01,SKU068,412,47,9,116,263,1115625.96
2024-03-01,SKU069,374,263,6,194,408,1586392.06
2024-03-01,SKU070,382,101,9,53,191,2866657.88
2024-03-01,SKU071,239,157,4,61,97,865658.0
2024-03-01,SKU072,211,134,10,72,181,1510865.5
2024-03-01,SKU073,756,638,8,124,403,5423702.76
2024-03-01,SKU074,22,17,12,6,17,59365.9
2024-03-01,SKU075,2013,1068,3,351,542,6332596.05
2024-03-01,SKU076,76,59,12,8,38,458859.12
2024-03-01,SKU077,200,138,5,47,103,423504.0
2024-03-01,SKU078,116,29,14,15,89,776169.92
2024-03-01,SKU079,143,587,12,80,327,700016.46
2024-03-01,SKU080,701,467,14,87,413,1242431.37
2024-03-01,SKU081,325,172,8,61,194,2529036.25
2024-03-01,SKU082,288,414,12,96,267,393180.48
2024-03-01,SKU083,16,63,13,13,46,20345.92
2024-03-01,SKU084,108,67,10,78,188,128973.6
2024-03-01,SKU085,133,214,14,86,280,632235.45
2024-03-01,SKU086,99,152,14,31,108,641715.03
2024-03-01,SKU087,179,280,12,117,349,226560.3
2024-03-01,SKU088,458,137,11,122,300,3406883.38
2024-03-01,SKU089,353,178,9,72,173,1424895.09
2024-03-01,SKU090,118,328,8,95,213,903417.44
2024-03-01,SKU091,90,410,12,69,209,39839.4
2024-03-01,SKU092,71,79,9,13,42,366595.01
2024-03-01,SKU093,378,702,12,133,369,1322296.92
2024-03-01,SKU094,11,4,5,5,10,53562.63
2024-03-01,SKU095,145,331,7,94,219,561470.45
2024-03-01,SKU096,46,51,6,27,50,17859.04
2024-03-01,SKU097,112,169,9,91,254,719636.96
2024-03-01,SKU098,651,17,10,74,271,2840612.46
2024-03-01,SKU099,507,124,11,143,346,2496508.56
2024-03-01,SKU100,518,517,11,83,350,1631663.74
2024-03-01,SKU101,333,478,5,100,262,2322025.65
2024-03-01,SKU102,343,235,8,81,171,744570.68
2024-03-01,SKU103,164,548,8,117,311,1078859.24
2024-03-01,SKU104,281,245,10,30,127,215198.23
2024-03-01,SKU105,353,238,7,56,179,2344325.95
2024-03-01,SKU106,839,443,10,80,341,1145243.39
2024-03-01,SKU107,218,108,10,33,109,535534.44
2024-03-01,SKU108,30,14,10,5,16,34351.5
2024-03-01,SKU109,202,49,14,51,163,323900.94
2024-03-01,SKU110,267,243,3,224,314,1289973.12
2024-03-01,SKU111,128,128,7,37,77,347447.04
2024-03-01,SKU112,963,188,6,97,268,6771132.27
2024-03-01,SKU113,122,184,12,42,126,202106.42
2024-03-01,SKU114,326,134,14,57,235,711576.5
2024-03-01,SKU115,144,182,7,75,176,90967.68
2024-03-01,SKU116,188,0,9,51,112,810108.92
2024-03-01,SKU117,75,232,11,44,180,48952.5
2024-03-01,SKU118,105,22,12,11,48,106903.65
2024-03-01,SKU119,305,42,5,69,122,2391709.35
2024-03-01,SKU120,177,438,9,104,226,1113498.15
2024-03-01,SKU121,19,7,3,7,10,24562.82
2024-03-01,SKU122,82,64,8,53,106,347288.86
2024-03-01,SKU123,556,376,7,129,253,1798348.64
2024-03-01,SKU124,28,60,10,17,68,64822.52
2024-03-01,SKU125,106,454,8,110,254,368974.34
2024-03-01,SKU126,475,502,5,148,252,1471654.5
2024-03-01,SKU127,462,231,6,109,216,1474172.7
2024-03-01,SKU128,707,582,12,130,434,1803408.53
2024-03-01,SKU129,91,64,6,17,37,361912.46
2024-03-01,SKU130,568,356,9,168,417,2498984.16
2024-03-01,SKU131,138,96,7,31,73,894797.52
2024-03-01,SKU132,573,245,7,61,184,2953878.03
2024-03-01,SKU133,475,942,8,273,630,863854.0
2024-03-01,SKU134,161,138,8,81,173,1114211.77
2024-03-01,SKU135,288,127,5,78,154,284253.12
2024-03-01,SKU136,132,45,7,44,85,119436.24
2024-03-01,SKU137,390,157,5,228,441,2995714.8
2024-03-01,SKU138,112,56,5,19,51,543316.48
2024-03-01,SKU139,667,477,5,136,253,5057000.57
2024-03-01,SKU140,979,636,12,163,562,4721805.11
2024-03-01,SKU141,151,330,5,187,306,238204.01
2024-03-01,SKU142,398,385,9,132,297,1865163.32
2024-03-01,SKU143,186,475,12,77,267,1147696.26
2024-03-01,SKU144,88,11,7,32,67,357648.72
2024-03-01,SKU145,1234,379,4,215,383,1453577.96
2024-03-01,SKU146,531,117,3,86,139,493691.94
2024-03-01,SKU147,216,356,9,72,204,1350213.84
2024-03-01,SKU148,134,15,10,39,94,379982.46
2024-03-01,SKU149,292,48,12,110,302,685221.8
2024-03-01,SKU150,388,205,13,83,274,1042521.08
2024-03-01,SKU151,447,465,3,190,318,3354730.53
2024-03-01,SKU152,89,194,10,90,235,286644.97
2024-03-01,SKU153,136,400,10,74,220,1020690.88
2024-03-01,SKU154,60,112,13,26,107,237906.6
2024-03-01,SKU155,217,67,14,44,143,1261342.88
2024-03-01,SKU156,584,370,8,138,308,682234.64
2024-03-01,SKU157,71,34,12,12,44,84837.19
2024-03-01,SKU158,1008,233,5,173,323,5611788.0
2024-03-01,SKU159,155,546,14,171,576,1030261.75
2024-03-01,SKU160,56,30,11,60,143,213010.0
2024-03-01,SKU161,476,48,3,98,156,3507129.92
2024-03-01,SKU162,719,182,3,136,238,795976.14
2024-03-01,SKU163,479,42,7,55,152,1173688.91
2024-03-01,SKU164,201,85,4,46,92,216024.75
2024-03-01,SKU165,396,31,3,46,85,2094234.12
2024-03-01,SKU166,445,38,9,104,263,3204894.45
2024-03-01,SKU167,48,194,6,70,124,65204.16
2024-03-01,SKU168,360,97,3,40,72,642988.8
2024-03-01,SKU169,484,10,12,57,275,256645.84
2024-03-01,SKU170,235,84,3,54,85,152832.25
2024-03-01,SKU171,156,185,13,42,110,327409.68
2024-03-01,SKU172,45,30,6,11,23,31209.75
2024-03-01,SKU173,487,65,7,55,168,3035880.08
2024-03-01,SKU174,838,252,5,242,397,5651765.3
2024-03-01,SKU175,459,182,9,146,320,559135.44
2024-03-01,SKU176,45,9,14,20,97,271134.45
2024-03-01,SKU177,120,85,11,65,158,174348.0
2024-03-01,SKU178,223,132,3,36,69,389373.61
2024-03-01,SKU179,925,24,10,226,679,7258095.75
2024-03-01,SKU180,222,95,3,271,400,149268.36
2024-03-01,SKU181,214,568,12,143,631,1519855.82
2024-03-01,SKU182,309,24,4,71,136,491847.66
2024-03-01,SKU183,631,880,3,526,775,4950327.51
2024-03-01,SKU184,277,146,5,48,91,1752476.51
2024-03-01,SKU185,290,226,7,36,118,398680.4
2024-03-01,SKU186,789,851,11,203,507,2039888.49
2024-03-01,SKU187,105,407,5,109,204,554563.8
2024-03-01,SKU188,651,6,10,147,338,911660.4
2024-03-01,SKU189,173,54,8,44,91,678992.13
2024-03-01,SKU190,303,8,7,50,145,390636.69
2024-03-01,SKU191,284,87,5,40,83,1012815.0
2024-03-01,SKU192,51,10,6,30,58,263587.38
2024-03-01,SKU193,152,3,14,43,152,294366.24
2024-03-01,SKU194,263,631,11,136,333,711959.41
2024-03-01,SKU195,325,160,3,168,235,1275472.25
2024-03-01,SKU196,47,26,4,15,24,220267.85
2024-03-01,SKU197,157,354,12,66,241,827641.2
2024-03-01,SKU198,369,317,10,90,228,996543.54
2024-03-01,SKU199,363,112,5,92,177,1304436.87
2024-03-01,SKU200,191,7,8,41,86,581612.19
2024-04-01,SKU001,617,58,8,316,654,2252858.27
2024-04-01,SKU002,706,674,9,108,346,3992147.6
2024-04-01,SKU003,341,84,5,105,184,2096751.03
2024-04-01,SKU004,502,292,14,152,486,623925.76
2024-04-01,SKU005,902,272,4,107,216,6704051.86
2024-04-01,SKU006,341,558,9,104,311,2259602.4
2024-04-01,SKU007,445,303,4,121,214,2023873.35
2024-04-01,SKU008,206,344,6,197,386,1372812.84
2024-04-01,SKU009,92,586,14,110,311,275777.36
2024-04-01,SKU010,133,106,8,19,56,953834.77
2024-04-01,SKU011,708,493,5,161,317,2737899.72
2024-04-01,SKU012,22,32,4,21,38,31806.28
2024-04-01,SKU013,229,253,11,33,151,1774337.8
2024-04-01,SKU014,140,297,5,88,202,436948.4
2024-04-01,SKU015,536,125,3,71,141,673693.04
2024-04-01,SKU016,188,93,4,44,95,377607.4
2024-04-01,SKU017,425,409,14,60,282,2848885.5
2024-04-01,SKU018,455,300,3,178,247,1215232.2
2024-04-01,SKU019,144,99,7,34,103,468426.24
2024-04-01,SKU020,1186,802,9,374,803,6569657.24
2024-04-01,SKU021,191,113,10,32,120,58648.46
2024-04-01,SKU022,399,434,12,70,238,2155633.41
2024-04-01,SKU023,318,72,3,65,100,1210498.8
2024-04-01,SKU024,167,338,9,119,294,222682.81
2024-04-01,SKU025,1263,1100,10,350,810,4926963.0
2024-04-01,SKU026,85,5,9,43,110,525192.9
2024-04-01,SKU027,177,97,13,160,462,811343.22
2024-04-01,SKU028,841,202,6,142,306,411114.44
2024-04-01,SKU029,230,223,11,164,561,785703.0
2024-04-01,SKU030,85,76,4,48,83,175357.55
2024-04-01,SKU031,292,22,8,33,101,737402.2
2024-04-01,SKU032,524,70,10,99,260,2393108.0
2024-04-01,SKU033,242,423,10,118,270,822679.0
2024-04-01,SKU034,105,67,6,24,68,162124.2
2024-04-01,SKU035,210,529,5,136,272,1228138.8
2024-04-01,SKU036,395,361,14,91,429,592444.7
2024-04-01,SKU037,553,630,9,202,751,3122503.44
2024-04-01,SKU038,452,340,12,72,229,1447715.32
2024-04-01,SKU039,135,16,10,21,85,412296.75
2024-04-01,SKU040,185,32,5,37,79,215441.75
2024-04-01,SKU041,179,159,3,69,135,1015418.67
2024-04-01,SKU042,164,37,5,44,92,1272823.68
2024-04-01,SKU043,340,841,13,141,494,1269067.0
2024-04-01,SKU044,143,148,3,81,112,142575.29
2024-04-01,SKU045,198,124,7,61,199,360027.36
2024-04-01,SKU046,256,194,5,76,155,1213171.2
2024-04-01,SKU047,119,58,4,36,65,729295.07
2024-04-01,SKU048,73,46,4,21,39,262706.56
2024-04-01,SKU049,697,321,4,184,336,3684558.07
2024-04-01,SKU050,214,491,4,172,258,743117.14
2024-04-01,SKU051,139,34,9,49,108,390092.38
2024-04-01,SKU052,244,15,4,56,84,256534.28
2024-04-01,SKU053,740,1156,14,248,1027,5490563.2
2024-04-01,SKU054,312,186,10,32,122,916730.88
2024-04-01,SKU055,118,526,7,131,272,906101.94
2024-04-01,SKU056,30,77,10,25,60,189486.0
2024-04-01,SKU057,183,253,9,50,158,741695.34
2024-04-01,SKU058,192,275,5,233,383,898730.88
2024-04-01,SKU059,25,114,12,24,62,70491.5
2024-04-01,SKU060,332,392,14,76,230,1212317.92
2024-04-01,SKU061,358,31,3,47,79,2575899.5
2024-04-01,SKU062,352,18,8,185,378,1599410.56
2024-04-01,SKU063,401,325,6,165,299,974253.56
2024-04-01,SKU064,355,668,11,109,382,2088894.55
2024-04-01,SKU065,377,768,12,153,422,2770606.93
2024-04-01,SKU066,443,580,9,143,356,239197.85
2024-04-01,SKU067,109,57,8,42,88,728214.83
2024-04-01,SKU068,567,384,6,102,223,1535339.61
2024-04-01,SKU069,545,576,3,304,440,2311721.05
2024-04-01,SKU070,635,284,11,121,329,4765255.9
2024-04-01,SKU071,263,334,9,87,190,952586.0
2024-04-01,SKU072,292,148,10,38,148,2090866.0
2024-04-01,SKU073,960,366,12,157,640,6887241.6
2024-04-01,SKU074,18,7,5,6,12,48572.1
2024-04-01,SKU075,1316,1327,7,246,768,4139938.6
2024-04-01,SKU076,87,46,8,10,30,525272.94
2024-04-01,SKU077,467,438,14,50,247,988881.84
2024-04-01,SKU078,169,59,4,28,54,1130799.28
2024-04-01,SKU079,807,209,3,118,192,3950442.54
2024-04-01,SKU080,742,631,11,128,407,1315098.54
2024-04-01,SKU081,316,62,5,69,169,2459001.4
2024-04-01,SKU082,355,118,10,97,252,484649.55
2024-04-01,SKU083,49,57,7,13,37,62309.38
2024-04-01,SKU084,407,139,4,93,146,486039.4
2024-04-01,SKU085,362,19,8,76,206,1720821.3
2024-04-01,SKU086,80,67,11,43,109,518557.6
2024-04-01,SKU087,236,247,14,88,387,298705.2
2024-04-01,SKU088,573,558,13,58,303,4262323.53
2024-04-01,SKU089,434,287,6,83,168,1751854.02
2024-04-01,SKU090,217,447,8,104,232,1661369.36
2024-04-01,SKU091,141,282,12,66,229,62415.06
2024-04-01,SKU092,59,9,6,12,31,304635.29
2024-04-01,SKU093,279,528,5,157,272,975981.06
2024-04-01,SKU094,21,17,6,5,10,102255.93
2024-04-01,SKU095,314,383,8,125,284,1215873.94
2024-04-01,SKU096,180,5,4,19,41,69883.2
2024-04-01,SKU097,568,29,10,121,333,3649587.44
2024-04-01,SKU098,553,469,13,133,434,2412993.38
2024-04-01,SKU099,117,297,9,185,393,576117.36
2024-04-01,SKU100,1000,170,4,183,304,3149930.0
2024-04-01,SKU101,442,1062,14,291,833,3082088.1
2024-04-01,SKU102,232,99,6,45,118,503616.32
2024-04-01,SKU103,448,29,14,116,548,2947127.68
2024-04-01,SKU104,86,292,9,46,162,65861.38
2024-04-01,SKU105,511,65,5,109,217,3393627.65
2024-04-01,SKU106,431,630,8,201,455,588319.31
2024-04-01,SKU107,99,56,10,29,118,243201.42
2024-04-01,SKU108,42,11,6,9,16,48092.1
2024-04-01,SKU109,79,91,3,28,52,126674.13
2024-04-01,SKU110,288,214,5,179,353,1391431.68
2024-04-01,SKU111,152,91,6,54,100,412593.36
2024-04-01,SKU112,885,354,9,171,472,6222691.65
2024-04-01,SKU113,171,152,7,35,95,283280.31
2024-04-01,SKU114,139,28,4,92,148,303402.25
2024-04-01,SKU115,278,108,3,106,158,175618.16
2024-04-01,SKU116,82,43,10,26,99,353345.38
2024-04-01,SKU117,177,269,6,59,153,115527.9
2024-04-01,SKU118,108,78,8,17,50,109958.04
2024-04-01,SKU119,382,119,9,91,213,2995517.94
2024-04-01,SKU120,199,137,8,58,191,1251899.05
2024-04-01,SKU121,28,12,4,10,15,36197.84
2024-04-01,SKU122,198,147,7,55,105,838575.54
2024-04-01,SKU123,306,293,7,71,221,989738.64
2024-04-01,SKU124,99,156,6,47,87,229193.91
2024-04-01,SKU125,370,317,6,91,233,1287929.3
2024-04-01,SKU126,693,858,10,188,431,2147066.46
2024-04-01,SKU127,136,81,3,113,176,433955.6
2024-04-01,SKU128,906,687,14,112,526,2311015.74
2024-04-01,SKU129,46,46,5,13,34,182944.76
2024-04-01,SKU130,892,508,7,172,413,3924461.04
2024-04-01,SKU131,111,24,8,32,90,719728.44
2024-04-01,SKU132,263,38,7,99,220,1355793.93
2024-04-01,SKU133,975,1634,14,261,989,1773174.0
2024-04-01,SKU134,65,251,10,46,176,449837.05
2024-04-01,SKU135,248,281,5,58,144,244773.52
2024-04-01,SKU136,118,6,5,50,88,106768.76
2024-04-01,SKU137,1347,603,13,165,829,10346738.04
2024-04-01,SKU138,171,38,5,48,91,829527.84
2024-04-01,SKU139,851,593,9,142,395,6452035.21
2024-04-01,SKU140,1175,1065,13,187,692,5667130.75
2024-04-01,SKU141,427,25,4,110,219,673596.77
2024-04-01,SKU142,284,583,7,149,294,1330920.56
2024-04-01,SKU143,353,122,3,106,158,2178154.73
2024-04-01,SKU144,131,66,9,35,90,532408.89
2024-04-01,SKU145,706,648,14,220,913,831625.64
2024-04-01,SKU146,661,666,13,130,391,614558.14
2024-04-01,SKU147,190,387,3,143,198,1187688.1
2024-04-01,SKU148,83,105,6,36,75,235362.27
2024-04-01,SKU149,338,85,14,106,371,793167.7
2024-04-01,SKU150,334,139,7,69,185,897427.94
2024-04-01,SKU151,1360,882,8,311,726,10206786.4
2024-04-01,SKU152,142,45,13,114,348,457343.66
2024-04-01,SKU153,211,105,3,89,139,1583571.88
2024-04-01,SKU154,61,72,5,23,58,241871.71
2024-04-01,SKU155,113,278,9,60,147,656828.32
2024-04-01,SKU156,832,445,8,186,387,971950.72
2024-04-01,SKU157,63,30,10,12,43,75278.07
2024-04-01,SKU158,553,179,7,189,408,3078689.25
2024-04-01,SKU159,1128,686,5,185,346,7497646.8
2024-04-01,SKU160,188,168,7,52,105,715105.0
2024-04-01,SKU161,461,452,14,140,444,3396611.12
2024-04-01,SKU162,986,64,4,282,440,1091561.16
2024-04-01,SKU163,439,187,6,113,210,1075677.31
2024-04-01,SKU164,113,283,8,42,145,121446.75
2024-04-01,SKU165,393,189,3,80,125,2078368.71
2024-04-01,SKU166,340,307,8,118,281,2448683.4
2024-04-01,SKU167,221,105,7,66,136,300210.82
2024-04-01,SKU168,157,90,7,61,146,280414.56
2024-04-01,SKU169,684,61,3,122,183,362697.84
2024-04-01,SKU170,387,152,7,44,128,251685.45
2024-04-01,SKU171,71,97,9,47,106,149013.38
2024-04-01,SKU172,57,52,12,19,49,39532.35
2024-04-01,SKU173,145,132,7,80,210,903906.8
2024-04-01,SKU174,888,268,4,271,414,5988982.8
2024-04-01,SKU175,174,113,7,79,244,211959.84
2024-04-01,SKU176,73,48,7,41,86,439840.33
2024-04-01,SKU177,60,51,3,33,60,87174.0
2024-04-01,SKU178,79,131,7,62,148,137939.53
2024-04-01,SKU179,1661,1195,9,355,814,13033185.99
2024-04-01,SKU180,749,457,4,393,613,503612.62
2024-04-01,SKU181,474,1116,11,168,720,3366409.62
2024-04-01,SKU182,100,681,12,141,371,159174.0
2024-04-01,SKU183,1492,1843,6,536,1102,11705053.32
2024-04-01,SKU184,291,66,5,77,126,1841049.33
2024-04-01,SKU185,300,178,12,55,214,412428.0
2024-04-01,SKU186,326,199,5,176,331,842843.66
2024-04-01,SKU187,675,73,4,109,188,3565053.0
2024-04-01,SKU188,319,662,12,130,384,446727.6
2024-04-01,SKU189,90,259,14,44,144,353232.9
2024-04-01,SKU190,537,325,12,122,338,692316.51
2024-04-01,SKU191,242,75,7,36,98,863032.5
2024-04-01,SKU192,144,5,12,28,94,744246.72
2024-04-01,SKU193,287,196,12,57,181,555809.94
2024-04-01,SKU194,312,232,11,134,367,844605.84
2024-04-01,SKU195,585,666,13,84,439,2295850.05
2024-04-01,SKU196,42,33,4,11,21,196835.1
2024-04-01,SKU197,492,154,5,120,201,2593627.2
2024-04-01,SKU198,437,63,10,62,224,1180188.42
2024-04-01,SKU199,99,482,11,108,319,355755.51
2024-04-01,SKU200,80,78,6,30,68,243607.2
2024-05-01,SKU001,1195,588,5,318,518,4363315.45
2024-05-01,SKU002,791,86,10,123,356,4472788.6
2024-05-01,SKU003,372,164,8,75,194,2287364.76
2024-05-01,SKU004,310,38,6,75,202,385292.8
2024-05-01,SKU005,688,133,6,106,253,5113511.84
2024-05-01,SKU006,145,644,13,139,405,960828.0
2024-05-01,SKU007,555,166,11,78,305,2524156.65
2024-05-01,SKU008,915,574,8,111,342,6097688.1
2024-05-01,SKU009,268,173,5,38,100,803351.44
2024-05-01,SKU010,74,35,12,21,65,530705.06
2024-05-01,SKU011,301,26,14,149,531,1163994.09
2024-05-01,SKU012,100,14,12,18,67,144574.0
2024-05-01,SKU013,166,0,6,41,104,1286201.2
2024-05-01,SKU014,182,396,13,91,370,568032.92
2024-05-01,SKU015,279,387,7,92,234,350672.31
2024-05-01,SKU016,63,74,10,93,217,126538.65
2024-05-01,SKU017,231,107,6,102,192,1548453.06
2024-05-01,SKU018,570,529,12,140,404,1522378.8
2024-05-01,SKU019,53,62,3,62,90,172406.88
2024-05-01,SKU020,332,591,6,181,439,1839060.88
2024-05-01,SKU021,168,17,7,42,96,51586.08
2024-05-01,SKU022,444,150,6,80,157,2398749.96
2024-05-01,SKU023,161,14,6,77,141,612862.6
2024-05-01,SKU024,263,84,13,76,326,350692.09
2024-05-01,SKU025,1015,185,6,307,565,3959515.0
2024-05-01,SKU026,198,53,13,53,142,1223390.52
2024-05-01,SKU027,562,459,10,160,388,2576129.32
2024-05-01,SKU028,184,578,10,124,367,89946.56
2024-05-01,SKU029,176,580,13,162,612,601233.6
2024-05-01,SKU030,99,13,14,29,149,204239.97
2024-05-01,SKU031,71,103,11,30,114,179299.85
2024-05-01,SKU032,304,71,3,80,122,1388368.0
2024-05-01,SKU033,380,152,5,111,187,1291810.0
2024-05-01,SKU034,94,174,9,32,89,145139.76
2024-05-01,SKU035,571,124,3,105,183,3339367.88
2024-05-01,SKU036,355,190,5,92,206,532450.3
2024-05-01,SKU037,283,1095,5,413,675,1597953.84
2024-05-01,SKU038,305,169,8,81,183,976887.55
2024-05-01,SKU039,143,155,7,47,92,436729.15
2024-05-01,SKU040,222,98,11,45,124,258530.1
2024-05-01,SKU041,480,764,13,146,401,2722910.4
2024-05-01,SKU042,170,50,3,51,78,1319390.4
2024-05-01,SKU043,534,236,13,80,422,1993181.7
2024-05-01,SKU044,205,170,7,52,118,204391.15
2024-05-01,SKU045,547,376,13,109,353,994621.04
2024-05-01,SKU046,142,103,14,51,258,672930.9
2024-05-01,SKU047,52,271,14,59,166,318683.56
2024-05-01,SKU048,112,91,12,20,67,403056.64
2024-05-01,SKU049,456,207,8,112,391,2410557.36
2024-05-01,SKU050,621,258,7,86,220,2156428.71
2024-05-01,SKU051,77,95,9,40,86,216094.34
2024-05-01,SKU052,41,60,3,18,35,43106.17
2024-05-01,SKU053,1318,771,12,374,999,9779138.24
2024-05-01,SKU054,159,37,10,33,118,467180.16
2024-05-01,SKU055,247,540,12,105,337,1896671.01
2024-05-01,SKU056,123,81,8,14,42,776892.6
2024-05-01,SKU057,91,256,7,65,149,368821.18
2024-05-01,SKU058,863,564,6,127,296,4039608.07
2024-05-01,SKU059,85,98,14,20,62,239671.1
2024-05-01,SKU060,328,275,9,55,145,1197711.68
2024-05-01,SKU061,344,68,5,71,121,2475166.0
2024-05-01,SKU062,715,405,8,88,278,3248802.7
2024-05-01,SKU063,120,184,13,144,410,291547.2
2024-05-01,SKU064,120,313,4,156,251,706105.2
2024-05-01,SKU065,659,450,9,112,284,4843050.31
2024-05-01,SKU066,252,76,10,159,376,136067.4
2024-05-01,SKU067,26,16,9,33,77,173702.62
2024-05-01,SKU068,112,94,4,114,185,303276.96
2024-05-01,SKU069,460,228,5,137,338,1951177.4
2024-05-01,SKU070,559,72,4,103,168,4194926.06
2024-05-01,SKU071,235,110,5,58,101,851170.0
2024-05-01,SKU072,267,0,5,57,107,1911853.5
2024-05-01,SKU073,199,786,13,297,806,1427667.79
2024-05-01,SKU074,44,18,4,6,11,118731.8
2024-05-01,SKU075,556,885,6,423,833,1749092.6
2024-05-01,SKU076,58,33,3,10,17,350181.96
2024-05-01,SKU077,431,91,13,83,247,912651.12
2024-05-01,SKU078,214,35,10,39,101,1431899.68
2024-05-01,SKU079,383,393,4,186,281,1874869.26
2024-05-01,SKU080,485,517,8,165,378,859599.45
2024-05-01,SKU081,159,146,5,106,188,1237282.35
2024-05-01,SKU082,424,38,4,95,153,578849.04
2024-05-01,SKU083,69,6,10,20,47,87741.78
2024-05-01,SKU084,231,135,4,40,91,275860.2
2024-05-01,SKU085,334,2,13,47,223,1587719.1
2024-05-01,SKU086,56,71,9,43,100,362990.32
2024-05-01,SKU087,123,611,10,150,352,155681.1
2024-05-01,SKU088,206,214,10,110,292,1532353.66
2024-05-01,SKU089,448,19,5,71,138,1808365.44
2024-05-01,SKU090,376,270,12,116,298,2878686.08
2024-05-01,SKU091,292,101,9,74,181,129256.72
2024-05-01,SKU092,100,26,3,16,25,516331.0
2024-05-01,SKU093,153,683,14,148,461,535215.42
2024-05-01,SKU094,10,23,9,5,12,48693.3
2024-05-01,SKU095,635,252,4,94,170,2458853.35
2024-05-01,SKU096,108,69,4,20,39,41929.92
2024-05-01,SKU097,730,87,3,82,148,4690490.9
2024-05-01,SKU098,187,595,14,67,351,815967.02
2024-05-01,SKU099,584,251,5,166,272,2875662.72
2024-05-01,SKU100,264,366,7,132,331,831581.52
2024-05-01,SKU101,547,794,13,181,609,3814258.35
2024-05-01,SKU102,62,133,14,63,213,134587.12
2024-05-01,SKU103,577,109,6,214,379,3795742.57
2024-05-01,SKU104,355,172,5,72,128,271869.65
2024-05-01,SKU105,647,122,9,144,334,4296824.05
2024-05-01,SKU106,667,175,7,129,332,910461.67
2024-05-01,SKU107,258,245,13,69,186,633797.64
2024-05-01,SKU108,33,18,10,8,22,37786.65
2024-05-01,SKU109,182,55,4,30,60,291831.54
2024-05-01,SKU110,685,684,11,190,536,3309481.6
2024-05-01,SKU111,224,144,7,32,77,608032.32
2024-05-01,SKU112,173,518,7,118,350,1216413.17
2024-05-01,SKU113,80,137,3,54,77,132528.8
2024-05-01,SKU114,97,58,5,91,163,211726.75
2024-05-01,SKU115,538,305,4,127,193,339865.36
2024-05-01,SKU116,206,105,7,38,80,887672.54
2024-05-01,SKU117,276,358,7,98,191,180145.2
2024-05-01,SKU118,20,45,10,24,62,20362.6
2024-05-01,SKU119,158,35,3,82,119,1238983.86
2024-05-01,SKU120,555,431,13,62,273,3491477.25
2024-05-01,SKU121,37,17,3,6,10,47832.86
2024-05-01,SKU122,99,74,13,48,143,419287.77
2024-05-01,SKU123,460,51,12,169,427,1487842.4
2024-05-01,SKU124,68,39,9,31,81,157426.12
2024-05-01,SKU125,250,96,7,133,285,870222.5
2024-05-01,SKU126,755,431,7,193,363,2339156.1
2024-05-01,SKU127,432,351,13,62,321,1378447.2
2024-05-01,SKU128,606,842,11,126,425,1545778.74
2024-05-01,SKU129,68,64,5,21,38,270440.08
2024-05-01,SKU130,936,177,3,240,340,4118044.32
2024-05-01,SKU131,189,8,8,29,80,1225483.56
2024-05-01,SKU132,608,222,4,111,186,3134306.88
2024-05-01,SKU133,1425,263,8,161,549,2591562.0
2024-05-01,SKU134,346,303,9,85,198,2394517.22
2024-05-01,SKU135,234,276,14,61,295,230955.66
2024-05-01,SKU136,168,53,10,36,101,152009.76
2024-05-01,SKU137,813,1247,11,344,876,6244913.16
2024-05-01,SKU138,237,163,12,44,134,1149696.48
2024-05-01,SKU139,641,15,10,106,354,4859876.11
2024-05-01,SKU140,462,52,4,201,343,2228267.58
2024-05-01,SKU141,135,99,10,138,405,212963.85
2024-05-01,SKU142,614,91,3,130,190,2877412.76
2024-05-01,SKU143,423,164,10,122,294,2610083.43
2024-05-01,SKU144,55,3,14,39,108,223530.45
2024-05-01,SKU145,1390,789,8,278,651,1637336.6
2024-05-01,SKU146,269,536,14,83,332,250100.06
2024-05-01,SKU147,589,426,10,125,295,3681833.11
2024-05-01,SKU148,72,74,10,33,97,204169.68
2024-05-01,SKU149,286,481,10,139,324,671141.9
2024-05-01,SKU150,229,375,11,67,238,615302.39
2024-05-01,SKU151,926,313,13,253,866,6949620.74
2024-05-01,SKU152,507,40,5,55,128,1632910.11
2024-05-01,SKU153,528,104,14,70,292,3962682.24
2024-05-01,SKU154,189,115,7,43,85,749405.79
2024-05-01,SKU155,232,156,9,63,140,1348532.48
2024-05-01,SKU156,213,160,5,69,184,248828.73
2024-05-01,SKU157,64,84,13,12,50,76472.96
2024-05-01,SKU158,580,117,3,102,197,3229005.0
2024-05-01,SKU159,989,490,11,189,536,6573734.65
2024-05-01,SKU160,162,128,3,46,67,616207.5
2024-05-01,SKU161,249,391,12,88,334,1834612.08
2024-05-01,SKU162,575,538,4,266,412,636559.5
2024-05-01,SKU163,432,26,7,91,195,1058525.28
2024-05-01,SKU164,200,99,12,83,243,214950.0
2024-05-01,SKU165,333,430,13,83,279,1761060.51
2024-05-01,SKU166,483,623,14,104,370,3478570.83
2024-05-01,SKU167,116,125,3,66,97,157576.72
2024-05-01,SKU168,359,96,9,48,150,641202.72
2024-05-01,SKU169,560,345,13,139,412,296945.6
2024-05-01,SKU170,265,226,4,90,135,172342.75
2024-05-01,SKU171,73,135,13,51,135,153210.94
2024-05-01,SKU172,76,40,14,17,52,52709.8
2024-05-01,SKU173,170,204,7,93,204,1059752.8
2024-05-01,SKU174,1129,502,5,193,360,7614371.15
2024-05-01,SKU175,165,265,8,149,319,200996.4
2024-05-01,SKU176,37,70,9,28,84,222932.77
2024-05-01,SKU177,110,74,4,41,76,159819.0
2024-05-01,SKU178,265,136,9,63,176,462708.55
2024-05-01,SKU179,1345,1008,12,240,816,10553663.55
2024-05-01,SKU180,1429,1362,12,270,896,960831.02
2024-05-01,SKU181,1038,175,4,188,375,7372010.94
2024-05-01,SKU182,330,246,4,121,194,525274.2
2024-05-01,SKU183,1862,3060,13,449,1600,14607781.02
2024-05-01,SKU184,149,124,4,33,69,942667.87
2024-05-01,SKU185,170,316,7,87,174,233709.2
2024-05-01,SKU186,823,81,10,193,489,2127792.43
2024-05-01,SKU187,339,353,6,152,267,1790448.84
2024-05-01,SKU188,472,164,5,175,285,660988.8
2024-05-01,SKU189,174,2,6,55,102,682916.94
2024-05-01,SKU190,447,182,8,83,195,576285.81
2024-05-01,SKU191,278,63,11,48,148,991417.5
2024-05-01,SKU192,56,87,8,20,55,289429.28
2024-05-01,SKU193,308,143,4,48,91,596478.96
2024-05-01,SKU194,395,472,12,66,298,1069292.65
2024-05-01,SKU195,256,311,14,96,466,1004679.68
2024-05-01,SKU196,63,32,9,13,29,295252.65
2024-05-01,SKU197,554,286,11,98,275,2920466.4
2024-05-01,SKU198,453,323,7,92,198,1223398.98
2024-05-01,SKU199,287,343,12,84,306,1031331.63
2024-05-01,SKU200,43,16,12,21,95,130938.87
2024-06-01,SKU001,347,499,7,262,521,1267004.57
2024-06-01,SKU002,324,359,6,168,316,1832090.4
2024-06-01,SKU003,199,223,7,84,178,1223617.17
2024-06-01,SKU004,628,334,11,117,338,780528.64
2024-06-01,SKU005,532,31,11,148,431,3954052.76
2024-06-01,SKU006,275,225,12,90,331,1822260.0
2024-06-01,SKU007,591,729,13,81,367,2687885.73
2024-06-01,SKU008,760,110,8,207,427,5064746.4
2024-06-01,SKU009,154,95,4,54,104,461627.32
2024-06-01,SKU010,103,29,14,22,87,738684.07
2024-06-01,SKU011,916,171,8,183,416,3542254.44
2024-06-01,SKU012,36,50,13,25,69,52046.64
2024-06-01,SKU013,186,14,3,32,61,1441165.2
2024-06-01,SKU014,274,27,7,63,210,855170.44
2024-06-01,SKU015,526,626,7,170,327,661124.14
2024-06-01,SKU016,424,0,13,88,247,851625.2
2024-06-01,SKU017,127,202,4,66,126,851314.02
2024-06-01,SKU018,477,484,12,117,363,1273990.68
2024-06-01,SKU019,216,88,13,43,153,702639.36
2024-06-01,SKU020,382,448,6,284,532,2116027.88
2024-06-01,SKU021,164,103,3,45,66,50357.84
2024-06-01,SKU022,95,271,11,67,218,513246.05
2024-06-01,SKU023,370,55,3,82,116,1408442.0
2024-06-01,SKU024,418,185,8,62,189,557373.74
2024-06-01,SKU025,1407,841,9,255,626,5488707.0
2024-06-01,SKU026,223,283,13,48,149,1377859.02
2024-06-01,SKU027,712,434,13,142,412,3263708.32
2024-06-01,SKU028,405,318,11,118,377,197980.2
2024-06-01,SKU029,207,198,13,212,624,707132.7
2024-06-01,SKU030,199,185,9,56,125,410542.97
2024-06-01,SKU031,181,40,14,53,164,457088.35
2024-06-01,SKU032,385,273,9,67,191,1758295.0
2024-06-01,SKU033,271,44,7,104,197,921264.5
2024-06-01,SKU034,168,22,3,44,65,259398.72
2024-06-01,SKU035,799,666,9,136,349,4672775.72
2024-06-01,SKU036,214,501,7,118,272,320970.04
2024-06-01,SKU037,1382,464,9,261,728,7803435.36
2024-06-01,SKU038,118,237,4,90,140,377943.38
2024-06-01,SKU039,171,195,10,42,112,522242.55
2024-06-01,SKU040,262,4,9,50,120,305112.1
2024-06-01,SKU041,449,392,11,146,360,2547055.77
2024-06-01,SKU042,271,295,14,39,156,2103263.52
2024-06-01,SKU043,553,22,12,86,399,2064100.15
2024-06-01,SKU044,321,323,14,67,205,320046.63
2024-06-01,SKU045,163,184,5,66,162,296386.16
2024-06-01,SKU046,250,163,13,45,234,1184737.5
2024-06-01,SKU047,108,9,7,23,72,661881.24
2024-06-01,SKU048,59,103,8,17,53,212324.48
2024-06-01,SKU049,418,536,5,138,314,2209677.58
2024-06-01,SKU050,504,179,5,155,255,1750145.04
2024-06-01,SKU051,177,13,14,23,109,496736.34
2024-06-01,SKU052,210,158,6,44,84,220787.7
2024-06-01,SKU053,1046,291,3,168,313,7760985.28
2024-06-01,SKU054,55,27,3,23,44,161603.2
2024-06-01,SKU055,586,373,5,116,208,4499794.38
2024-06-01,SKU056,57,108,13,19,61,360023.4
2024-06-01,SKU057,271,286,14,55,208,1098357.58
2024-06-01,SKU058,498,290,11,121,400,2331083.22
2024-06-01,SKU059,94,15,7,9,30,265048.04
2024-06-01,SKU060,380,263,6,74,140,1387592.8
2024-06-01,SKU061,269,15,3,39,66,1935522.25
2024-06-01,SKU062,379,669,14,111,424,1722092.62
2024-06-01,SKU063,376,221,9,86,278,913514.56
2024-06-01,SKU064,130,115,8,90,281,764947.3
2024-06-01,SKU065,503,94,10,112,315,3696592.27
2024-06-01,SKU066,275,55,10,136,369,148486.25
2024-06-01,SKU067,34,62,11,24,81,227149.58
2024-06-01,SKU068,432,202,7,148,278,1169782.56
2024-06-01,SKU069,713,103,6,274,500,3024324.97
2024-06-01,SKU070,482,44,4,110,171,3617091.88
2024-06-01,SKU071,286,112,7,31,97,1035892.0
2024-06-01,SKU072,127,321,12,42,164,909383.5
2024-06-01,SKU073,334,73,8,128,409,2396186.14
2024-06-01,SKU074,27,7,8,5,13,72858.15
2024-06-01,SKU075,903,1516,13,359,1212,2840702.55
2024-06-01,SKU076,58,0,4,10,19,350181.96
2024-06-01,SKU077,86,70,7,56,141,182106.72
2024-06-01,SKU078,148,120,8,22,69,990285.76
2024-06-01,SKU079,613,254,5,101,220,3000769.86
2024-06-01,SKU080,803,771,14,96,437,1423213.11
2024-06-01,SKU081,560,579,14,101,365,4357724.0
2024-06-01,SKU082,271,236,5,68,138,369971.91
2024-06-01,SKU083,32,24,5,11,27,40691.84
2024-06-01,SKU084,310,117,9,65,163,370202.0
2024-06-01,SKU085,428,264,7,62,155,2034562.2
2024-06-01,SKU086,150,9,8,40,95,972295.5
2024-06-01,SKU087,683,443,12,68,303,864473.1
2024-06-01,SKU088,425,541,11,78,281,3161409.25
2024-06-01,SKU089,318,360,14,97,271,1283616.54
2024-06-01,SKU090,483,401,10,84,237,3697886.64
2024-06-01,SKU091,96,259,12,82,221,42495.36
2024-06-01,SKU092,86,88,12,22,63,444044.66
2024-06-01,SKU093,291,179,3,119,185,1017958.74
2024-06-01,SKU094,10,3,11,5,16,48693.3
2024-06-01,SKU095,331,260,3,77,134,1281701.51
2024-06-01,SKU096,131,15,5,19,39,50859.44
2024-06-01,SKU097,445,367,6,80,197,2859271.85
2024-06-01,SKU098,138,38,4,134,216,602157.48
2024-06-01,SKU099,146,391,10,86,281,718915.68
2024-06-01,SKU100,680,596,10,126,400,2141952.4
2024-06-01,SKU101,748,736,5,183,373,5215841.4
2024-06-01,SKU102,229,26,11,37,159,497104.04
2024-06-01,SKU103,502,303,4,84,189,3302361.82
2024-06-01,SKU104,65,213,9,89,193,49778.95
2024-06-01,SKU105,250,276,5,91,190,1660287.5
2024-06-01,SKU106,214,108,6,128,303,292112.14
2024-06-01,SKU107,97,54,14,53,159,238288.26
2024-06-01,SKU108,38,37,10,11,26,43511.9
2024-06-01,SKU109,86,146,8,54,114,137898.42
2024-06-01,SKU110,285,1073,12,247,657,1376937.6
2024-06-01,SKU111,103,242,14,53,151,279586.29
2024-06-01,SKU112,529,902,11,232,585,3719552.41
2024-06-01,SKU113,207,80,8,42,101,342918.27
2024-06-01,SKU114,256,345,13,79,255,558784.0
2024-06-01,SKU115,378,136,10,77,219,238790.16
2024-06-01,SKU116,41,155,7,40,81,176672.69
2024-06-01,SKU117,221,269,6,83,171,144246.7
2024-06-01,SKU118,52,9,11,17,54,52942.76
2024-06-01,SKU119,202,103,8,95,193,1584017.34
2024-06-01,SKU120,138,438,14,83,287,868151.1
2024-06-01,SKU121,27,14,9,6,16,34905.06
2024-06-01,SKU122,200,80,5,36,70,847046.0
2024-06-01,SKU123,144,142,4,68,140,465759.36
2024-06-01,SKU124,124,85,9,25,74,287071.16
2024-06-01,SKU125,554,144,8,181,367,1928413.06
2024-06-01,SKU126,298,759,13,90,388,923269.56
2024-06-01,SKU127,466,81,7,64,197,1486936.1
2024-06-01,SKU128,836,325,6,82,238,2132460.44
2024-06-01,SKU129,72,112,14,23,79,286348.32
2024-06-01,SKU130,1037,397,4,135,256,4562405.94
2024-06-01,SKU131,72,283,14,52,151,466850.88
2024-06-01,SKU132,271,29,9,127,290,1397034.81
2024-06-01,SKU133,578,970,10,215,669,1051173.92
2024-06-01,SKU134,221,40,6,49,117,1529445.97
2024-06-01,SKU135,310,394,5,122,206,305966.9
2024-06-01,SKU136,66,48,6,52,96,59718.12
2024-06-01,SKU137,1197,936,6,294,563,9194540.04
2024-06-01,SKU138,95,119,9,53,124,460848.8
2024-06-01,SKU139,400,302,6,103,248,3032684.0
2024-06-01,SKU140,1220,495,10,127,478,5884169.8
2024-06-01,SKU141,233,193,14,149,530,367559.83
2024-06-01,SKU142,273,793,14,146,422,1279370.82
2024-06-01,SKU143,254,512,12,82,283,1567284.14
2024-06-01,SKU144,33,31,4,21,40,134118.27
2024-06-01,SKU145,841,1328,14,173,808,990647.54
2024-06-01,SKU146,376,41,7,104,234,349582.24
2024-06-01,SKU147,457,134,4,89,149,2856702.43
2024-06-01,SKU148,114,83,13,32,112,323268.66
2024-06-01,SKU149,420,202,13,52,264,985593.0
2024-06-01,SKU150,418,30,3,59,102,1123128.38
2024-06-01,SKU151,1251,878,3,301,444,9388742.49
2024-06-01,SKU152,182,171,4,112,174,586172.86
2024-06-01,SKU153,203,37,9,111,254,1523531.24
2024-06-01,SKU154,142,50,5,53,88,563045.62
2024-06-01,SKU155,45,69,12,38,131,261568.8
2024-06-01,SKU156,363,815,14,134,443,424060.23
2024-06-01,SKU157,107,15,11,12,48,127853.23
2024-06-01,SKU158,886,603,9,107,379,4932583.5
2024-06-01,SKU159,896,844,7,206,427,5955577.6
2024-06-01,SKU160,268,201,10,37,117,1019405.0
2024-06-01,SKU161,399,66,7,140,287,2939800.08
2024-06-01,SKU162,1030,129,3,112,220,1140271.8
2024-06-01,SKU163,91,153,9,101,230,222976.39
2024-06-01,SKU164,352,316,12,55,219,378312.0
2024-06-01,SKU165,75,232,8,89,199,396635.25
2024-06-01,SKU166,317,184,4,120,191,2283037.17
2024-06-01,SKU167,96,184,6,51,106,130408.32
2024-06-01,SKU168,228,45,4,79,123,407226.24
2024-06-01,SKU169,443,122,10,127,315,234905.18
2024-06-01,SKU170,357,74,7,53,128,232174.95
2024-06-01,SKU171,157,213,11,37,109,329508.46
2024-06-01,SKU172,56,31,10,9,32,38838.8
2024-06-01,SKU173,506,595,14,72,305,3154323.04
2024-06-01,SKU174,1061,708,8,177,437,7155755.35
2024-06-01,SKU175,303,84,7,66,210,369102.48
2024-06-01,SKU176,138,58,11,35,104,831478.98
2024-06-01,SKU177,251,161,5,49,92,364677.9
2024-06-01,SKU178,149,175,5,42,107,260164.43
2024-06-01,SKU179,1560,768,14,164,846,12240680.4
2024-06-01,SKU180,352,402,3,237,386,236677.76
2024-06-01,SKU181,1142,1125,14,183,831,8110632.46
2024-06-01,SKU182,414,344,11,54,237,658980.36
2024-06-01,SKU183,2307,1472,4,445,795,18098899.47
2024-06-01,SKU184,122,193,11,66,163,771848.86
2024-06-01,SKU185,428,241,14,59,233,588397.28
2024-06-01,SKU186,389,635,9,170,420,1005724.49
2024-06-01,SKU187,388,222,12,113,332,2049245.28
2024-06-01,SKU188,529,28,10,64,271,740811.6
2024-06-01,SKU189,172,4,13,28,112,675067.32
2024-06-01,SKU190,281,343,7,92,190,362273.63
2024-06-01,SKU191,44,66,6,41,91,156915.0
2024-06-01,SKU192,91,6,4,16,34,470322.58
2024-06-01,SKU193,229,40,6,67,126,443485.98
2024-06-01,SKU194,651,355,9,150,324,1762302.57
2024-06-01,SKU195,526,82,11,157,433,2064302.78
2024-06-01,SKU196,76,57,14,19,57,356177.8
2024-06-01,SKU197,504,182,5,95,173,2656886.4
2024-06-01,SKU198,166,104,10,78,226,448309.56
2024-06-01,SKU199,276,61,6,79,181,991803.24
2024-06-01,SKU200,120,16,7,43,88,365410.8
2024-07-01,SKU001,928,173,11,184,635,3388415.68
2024-07-01,SKU002,517,515,13,170,490,2923428.2
2024-07-01,SKU003,449,232,11,80,234,2760824.67
2024-07-01,SKU004,322,651,10,133,339,400207.36
2024-07-01,SKU005,488,846,12,152,446,3627025.84
2024-07-01,SKU006,500,325,3,111,173,3313200.0
2024-07-01,SKU007,513,412,7,113,268,2333139.39
2024-07-01,SKU008,307,127,4,132,251,2045890.98
2024-07-01,SKU009,232,211,3,71,106,695438.56
2024-07-01,SKU010,131,31,5,14,36,939491.39
2024-07-01,SKU011,946,45,7,137,357,3658267.14
2024-07-01,SKU012,151,18,6,23,49,218306.74
2024-07-01,SKU013,141,117,13,54,186,1092496.2
2024-07-01,SKU014,636,321,7,160,307,1984994.16
2024-07-01,SKU015,709,2,9,96,313,891135.01
2024-07-01,SKU016,229,294,11,77,218,459957.95
2024-07-01,SKU017,205,120,7,85,199,1374168.3
2024-07-01,SKU018,476,156,8,93,260,1271319.84
2024-07-01,SKU019,120,28,9,32,120,390355.2
2024-07-01,SKU020,658,732,10,346,807,3644885.72
2024-07-01,SKU021,262,102,12,27,121,80449.72
2024-07-01,SKU022,486,26,8,90,202,2625658.74
2024-07-01,SKU023,251,157,4,86,132,955456.6
2024-07-01,SKU024,332,12,8,117,266,442698.76
2024-07-01,SKU025,1339,717,9,199,571,5223439.0
2024-07-01,SKU026,220,75,8,41,101,1359322.8
2024-07-01,SKU027,519,230,5,153,259,2379023.34
2024-07-01,SKU028,248,741,13,153,484,121232.32
2024-07-01,SKU029,1041,413,6,216,414,3556160.1
2024-07-01,SKU030,292,138,6,63,120,602404.76
2024-07-01,SKU031,178,70,14,42,156,449512.3
2024-07-01,SKU032,311,92,13,49,216,1420337.0
2024-07-01,SKU033,307,136,10,94,233,1043646.5
2024-07-01,SKU034,171,238,13,49,139,264030.84
2024-07-01,SKU035,567,216,3,102,182,3315974.76
2024-07-01,SKU036,166,599,9,133,334,248976.76
2024-07-01,SKU037,1844,510,13,251,951,10412109.12
2024-07-01,SKU038,236,82,9,52,164,755886.76
2024-07-01,SKU039,91,63,5,53,87,277918.55
2024-07-01,SKU040,175,90,3,29,53,203796.25
2024-07-01,SKU041,746,322,12,149,413,4231856.58
2024-07-01,SKU042,123,197,14,63,185,954617.76
2024-07-01,SKU043,873,729,13,117,454,3258516.15
2024-07-01,SKU044,60,26,3,45,74,59821.8
2024-07-01,SKU045,149,349,12,56,259,270929.68
2024-07-01,SKU046,372,398,12,98,281,1762889.4
2024-07-01,SKU047,95,160,8,43,105,582210.35
2024-07-01,SKU048,32,141,10,29,74,115159.04
2024-07-01,SKU049,856,822,7,293,552,4525081.36
2024-07-01,SKU050,440,147,12,152,400,1527904.4
2024-07-01,SKU051,160,41,3,40,58,449027.2
2024-07-01,SKU052,133,138,12,28,104,139832.21
2024-07-01,SKU053,1443,923,9,168,657,10706598.24
2024-07-01,SKU054,157,65,10,58,137,461303.68
2024-07-01,SKU055,643,636,11,156,373,4937487.69
2024-07-01,SKU056,60,57,6,21,38,378972.0
2024-07-01,SKU057,85,123,13,44,188,344503.3
2024-07-01,SKU058,193,642,12,163,503,903411.77
2024-07-01,SKU059,42,16,11,18,54,118425.72
2024-07-01,SKU060,338,209,10,45,146,1234227.28
2024-07-01,SKU061,56,205,7,70,134,402934.0
2024-07-01,SKU062,652,578,7,155,313,2962544.56
2024-07-01,SKU063,252,321,8,120,289,612249.12
2024-07-01,SKU064,566,206,13,182,511,3330462.86
2024-07-01,SKU065,98,427,13,134,388,720210.82
2024-07-01,SKU066,567,511,12,139,426,306151.65
2024-07-01,SKU067,174,84,7,34,71,1162471.38
2024-07-01,SKU068,375,237,12,117,365,1015436.25
2024-07-01,SKU069,1098,262,9,225,593,4657375.62
2024-07-01,SKU070,499,53,7,53,167,3744665.66
2024-07-01,SKU071,161,180,3,75,103,583142.0
2024-07-01,SKU072,271,264,6,75,141,1940495.5
2024-07-01,SKU073,808,642,12,216,639,5796761.68
2024-07-01,SKU074,33,4,8,6,14,89048.85
2024-07-01,SKU075,2258,1037,11,452,1226,7103329.3
2024-07-01,SKU076,32,26,14,13,43,193203.84
2024-07-01,SKU077,433,128,8,74,184,916886.16
2024-07-01,SKU078,191,61,8,44,93,1278003.92
2024-07-01,SKU079,294,500,9,165,384,1439194.68
2024-07-01,SKU080,719,54,9,90,318,1274334.03
2024-07-01,SKU081,293,340,6,113,221,2280023.45
2024-07-01,SKU082,378,349,14,80,285,516049.38
2024-07-01,SKU083,55,61,4,20,31,69939.1
2024-07-01,SKU084,128,213,8,80,169,152857.6
2024-07-01,SKU085,478,223,4,111,171,2272244.7
2024-07-01,SKU086,190,20,8,37,92,1231574.3
2024-07-01,SKU087,545,265,4,105,181,689806.5
2024-07-01,SKU088,489,4,3,105,159,3637480.29
2024-07-01,SKU089,207,92,4,84,133,835561.71
2024-07-01,SKU090,283,150,14,96,317,2166670.64
2024-07-01,SKU091,172,37,10,50,170,76137.52
2024-07-01,SKU092,106,16,5,20,37,547310.86
2024-07-01,SKU093,417,379,7,105,263,1458724.38
2024-07-01,SKU094,15,0,7,6,12,73039.95
2024-07-01,SKU095,420,166,4,72,150,1626328.2
2024-07-01,SKU096,35,144,13,19,79,13588.4
2024-07-01,SKU097,507,211,14,136,400,3257642.31
2024-07-01,SKU098,543,48,7,104,256,2369358.78
2024-07-01,SKU099,411,241,12,66,332,2023796.88
2024-07-01,SKU100,171,744,13,207,567,538638.03
2024-07-01,SKU101,1194,1039,9,218,548,8325821.7
2024-07-01,SKU102,314,455,14,74,242,681618.64
2024-07-01,SKU103,370,591,9,117,355,2434011.7
2024-07-01,SKU104,411,34,10,42,160,314756.13
2024-07-01,SKU105,469,441,4,145,232,3114699.35
2024-07-01,SKU106,245,605,9,214,502,334427.45
2024-07-01,SKU107,245,175,8,33,101,601862.1
2024-07-01,SKU108,26,9,14,5,19,29771.3
2024-07-01,SKU109,57,293,14,49,166,91397.79
2024-07-01,SKU110,1004,195,9,254,568,4850685.44
2024-07-01,SKU111,43,148,12,22,103,116720.49
2024-07-01,SKU112,634,833,14,105,568,4457837.86
2024-07-01,SKU113,220,134,9,45,110,364454.2
2024-07-01,SKU114,120,134,6,51,134,261930.0
2024-07-01,SKU115,555,125,3,124,172,350604.6
2024-07-01,SKU116,59,19,4,21,47,254236.31
2024-07-01,SKU117,237,25,12,77,250,154689.9
2024-07-01,SKU118,40,73,8,15,41,40725.2
2024-07-01,SKU119,329,39,7,82,167,2579909.43
2024-07-01,SKU120,227,234,14,60,288,1428045.65
2024-07-01,SKU121,34,4,7,6,15,43954.52
2024-07-01,SKU122,237,52,7,45,102,1003749.51
2024-07-01,SKU123,121,316,5,128,226,391367.24
2024-07-01,SKU124,204,64,13,20,98,472278.36
2024-07-01,SKU125,116,6,5,121,236,403783.24
2024-07-01,SKU126,758,139,4,154,246,2348450.76
2024-07-01,SKU127,665,349,8,144,304,2121915.25
2024-07-01,SKU128,559,363,8,202,417,1425891.61
2024-07-01,SKU129,92,29,8,25,55,365889.52
2024-07-01,SKU130,636,734,9,143,432,2798158.32
2024-07-01,SKU131,81,154,14,51,151,525207.24
2024-07-01,SKU132,325,278,6,133,236,1675410.75
2024-07-01,SKU133,366,461,14,277,952,665622.24
2024-07-01,SKU134,322,212,9,50,165,2228423.54
2024-07-01,SKU135,124,22,4,56,114,122386.76
2024-07-01,SKU136,195,147,6,37,75,176439.9
2024-07-01,SKU137,1003,1528,8,402,807,7704363.96
2024-07-01,SKU138,182,199,13,31,128,882889.28
2024-07-01,SKU139,568,208,13,186,513,4306411.28
2024-07-01,SKU140,816,996,13,137,633,3935641.44
2024-07-01,SKU141,251,244,7,177,365,395955.01
2024-07-01,SKU142,508,134,11,148,385,2380660.72
2024-07-01,SKU143,323,371,14,61,288,1993042.43
2024-07-01,SKU144,127,169,14,19,90,516152.13
2024-07-01,SKU145,1396,580,10,204,668,1644404.24
2024-07-01,SKU146,392,170,7,78,201,364458.08
2024-07-01,SKU147,451,447,14,103,326,2819196.49
2024-07-01,SKU148,118,139,7,33,74,334611.42
2024-07-01,SKU149,305,254,8,107,253,715728.25
2024-07-01,SKU150,309,230,13,113,305,830255.19
2024-07-01,SKU151,395,877,6,219,509,2964471.05
2024-07-01,SKU152,356,211,3,80,128,1146579.88
2024-07-01,SKU153,386,14,5,105,185,2896960.88
2024-07-01,SKU154,189,65,5,27,57,749405.79
2024-07-01,SKU155,285,144,3,51,78,1656602.4
2024-07-01,SKU156,338,629,11,93,347,394854.98
2024-07-01,SKU157,43,90,13,13,49,51380.27
2024-07-01,SKU158,330,910,12,130,524,1837192.5
2024-07-01,SKU159,328,95,14,112,585,2180166.8
2024-07-01,SKU160,52,111,3,50,75,197795.0
2024-07-01,SKU161,468,188,6,112,232,3448186.56
2024-07-01,SKU162,638,251,8,147,445,706304.28
2024-07-01,SKU163,442,320,14,113,316,1083028.18
2024-07-01,SKU164,414,352,9,62,185,444946.5
2024-07-01,SKU165,427,368,10,63,206,2258176.69
2024-07-01,SKU166,522,694,12,130,364,3759449.22
2024-07-01,SKU167,190,72,3,70,98,258099.8
2024-07-01,SKU168,368,76,6,59,131,657277.44
2024-07-01,SKU169,610,373,5,137,228,323458.6
2024-07-01,SKU170,371,69,10,81,191,241279.85
2024-07-01,SKU171,111,95,14,21,92,232964.58
2024-07-01,SKU172,33,29,12,12,45,22887.15
2024-07-01,SKU173,245,67,6,72,174,1527290.8
2024-07-01,SKU174,913,486,4,228,365,6157591.55
2024-07-01,SKU175,188,294,5,130,238,229014.08
2024-07-01,SKU176,139,93,3,42,60,837504.19
2024-07-01,SKU177,159,8,11,56,146,231011.1
2024-07-01,SKU178,106,111,6,85,160,185083.42
2024-07-01,SKU179,737,803,5,327,585,5782936.83
2024-07-01,SKU180,1160,24,12,366,987,779960.8
2024-07-01,SKU181,341,114,12,379,973,2421826.33
2024-07-01,SKU182,305,187,7,60,182,485480.7
2024-07-01,SKU183,1847,1842,12,561,1661,14490102.87
2024-07-01,SKU184,143,44,3,39,67,904708.09
2024-07-01,SKU185,295,162,3,53,91,405554.2
2024-07-01,SKU186,1047,655,9,104,382,2706924.27
2024-07-01,SKU187,376,582,12,137,355,1985866.56
2024-07-01,SKU188,146,238,3,69,130,204458.4
2024-07-01,SKU189,119,54,3,30,50,467052.39
2024-07-01,SKU190,501,240,13,77,278,645904.23
2024-07-01,SKU191,153,99,3,36,64,545636.25
2024-07-01,SKU192,39,48,10,20,67,201566.82
2024-07-01,SKU193,336,195,12,35,152,650704.32
2024-07-01,SKU194,575,206,4,93,173,1556565.25
2024-07-01,SKU195,817,173,13,200,538,3206341.01
2024-07-01,SKU196,24,35,5,17,30,112477.2
2024-07-01,SKU197,352,140,7,88,200,1855603.2
2024-07-01,SKU198,185,47,8,108,220,499622.1
2024-07-01,SKU199,269,353,11,104,323,966648.81
2024-07-01,SKU200,164,127,14,39,121,499394.76
2024-08-01,SKU001,208,776,11,131,499,759472.48
2024-08-01,SKU002,283,360,10,91,299,1600251.8
2024-08-01,SKU003,244,130,12,46,183,1500314.52
2024-08-01,SKU004,129,113,10,85,272,160331.52
2024-08-01,SKU005,592,164,4,80,164,4399998.56
2024-08-01,SKU006,453,205,14,73,304,3001759.2
2024-08-01,SKU007,527,99,10,148,339,2396811.81
2024-08-01,SKU008,700,612,14,123,498,4664898.0
2024-08-01,SKU009,233,128,11,64,188,698436.14
2024-08-01,SKU010,103,75,8,12,40,738684.07
2024-08-01,SKU011,863,544,7,165,342,3337298.67
2024-08-01,SKU012,30,43,13,21,61,43372.2
2024-08-01,SKU013,281,305,14,65,193,2177244.2
2024-08-01,SKU014,435,351,8,101,245,1357661.1
2024-08-01,SKU015,322,412,10,82,258,404718.58
2024-08-01,SKU016,79,92,11,58,170,158675.45
2024-08-01,SKU017,70,227,4,83,134,469228.2
2024-08-01,SKU018,346,526,13,116,353,924110.64
2024-08-01,SKU019,39,5,10,24,96,126865.44
2024-08-01,SKU020,565,30,11,268,656,3129727.1
2024-08-01,SKU021,191,58,9,27,81,58648.46
2024-08-01,SKU022,199,177,4,88,137,1075115.41
2024-08-01,SKU023,272,223,13,48,167,1035395.2
2024-08-01,SKU024,253,350,14,77,282,337357.79
2024-08-01,SKU025,483,277,11,227,624,1884183.0
2024-08-01,SKU026,164,72,10,30,84,1013313.36
2024-08-01,SKU027,579,183,5,127,213,2654054.94
2024-08-01,SKU028,361,54,3,110,172,176471.24
2024-08-01,SKU029,631,27,12,159,507,2155559.1
2024-08-01,SKU030,200,146,7,41,86,412606.0
2024-08-01,SKU031,183,236,12,44,133,462139.05
2024-08-01,SKU032,385,206,10,61,177,1758295.0
2024-08-01,SKU033,128,181,3,90,126,435136.0
2024-08-01,SKU034,206,6,5,24,54,318072.24
2024-08-01,SKU035,220,377,12,127,413,1286621.6
2024-08-01,SKU036,351,202,4,75,151,526450.86
2024-08-01,SKU037,1066,818,14,365,1013,6019147.68
2024-08-01,SKU038,220,369,12,64,193,704640.2
2024-08-01,SKU039,96,13,4,27,46,293188.8
2024-08-01,SKU040,47,64,3,27,44,54733.85
2024-08-01,SKU041,123,254,3,106,156,697745.79
2024-08-01,SKU042,188,97,7,45,96,1459090.56
2024-08-01,SKU043,444,39,11,64,300,1657252.2
2024-08-01,SKU044,194,231,10,65,147,193423.82
2024-08-01,SKU045,223,246,10,114,261,405485.36
2024-08-01,SKU046,108,455,14,93,262,511806.6
2024-08-01,SKU047,177,71,4,40,65,1084749.81
2024-08-01,SKU048,65,63,12,33,85,233916.8
2024-08-01,SKU049,635,127,8,231,463,3356806.85
2024-08-01,SKU050,360,104,6,83,186,1250103.6
2024-08-01,SKU051,107,20,5,19,46,300286.94
2024-08-01,SKU052,87,94,14,41,119,91469.19
2024-08-01,SKU053,610,1376,12,199,735,4526004.8
2024-08-01,SKU054,131,17,3,22,42,384909.44
2024-08-01,SKU055,300,187,3,100,147,2303649.0
2024-08-01,SKU056,82,42,14,16,57,517928.4
2024-08-01,SKU057,186,30,14,42,179,753854.28
2024-08-01,SKU058,182,200,3,74,142,851921.98
2024-08-01,SKU059,54,6,4,10,19,152261.64
2024-08-01,SKU060,196,67,3,26,50,715705.76
2024-08-01,SKU061,181,70,10,49,143,1302340.25
2024-08-01,SKU062,238,322,12,78,300,1081419.64
2024-08-01,SKU063,138,136,9,82,248,335279.28
2024-08-01,SKU064,691,442,13,86,350,4065989.11
2024-08-01,SKU065,430,147,3,51,101,3160108.7
2024-08-01,SKU066,628,273,9,146,324,339088.6
2024-08-01,SKU067,86,74,11,14,60,574554.82
2024-08-01,SKU068,129,295,6,95,194,349310.07
2024-08-01,SKU069,980,105,5,136,309,4156856.2
2024-08-01,SKU070,205,212,6,42,123,1538389.7
2024-08-01,SKU071,106,244,9,59,133,383932.0
2024-08-01,SKU072,248,282,10,52,153,1775804.0
2024-08-01,SKU073,807,612,6,181,370,5789587.47
2024-08-01,SKU074,16,7,6,5,10,43175.2
2024-08-01,SKU075,1610,256,5,439,743,5064818.5
2024-08-01,SKU076,40,2,10,12,30,241504.8
2024-08-01,SKU077,158,103,10,82,191,334568.16
2024-08-01,SKU078,66,117,10,18,64,441613.92
2024-08-01,SKU079,359,664,11,165,394,1757383.98
2024-08-01,SKU080,696,509,14,166,474,1233569.52
2024-08-01,SKU081,297,59,4,75,137,2311150.05
2024-08-01,SKU082,179,433,14,56,240,244372.59
2024-08-01,SKU083,59,11,11,14,41,75025.58
2024-08-01,SKU084,268,111,6,57,119,320045.6
2024-08-01,SKU085,237,283,8,72,165,1126615.05
2024-08-01,SKU086,124,39,4,31,55,803764.28
2024-08-01,SKU087,218,293,6,86,187,275922.6
2024-08-01,SKU088,130,163,4,59,113,967019.3
2024-08-01,SKU089,236,181,10,77,181,952621.08
2024-08-01,SKU090,305,234,3,111,153,2335104.4
2024-08-01,SKU091,241,4,5,63,113,106681.06
2024-08-01,SKU092,75,11,3,11,19,387248.25
2024-08-01,SKU093,320,531,12,72,296,1119404.8
2024-08-01,SKU094,11,15,3,5,10,53562.63
2024-08-01,SKU095,504,4,11,134,328,1951593.84
2024-08-01,SKU096,59,82,14,20,76,22906.16
2024-08-01,SKU097,310,72,13,69,286,1991852.3
2024-08-01,SKU098,401,584,12,123,329,1749747.46
2024-08-01,SKU099,161,236,6,82,186,792776.88
2024-08-01,SKU100,658,122,5,173,290,2072653.94
2024-08-01,SKU101,214,528,9,246,534,1492232.7
2024-08-01,SKU102,262,212,7,64,134,568739.12
2024-08-01,SKU103,225,331,4,73,169,1480142.25
2024-08-01,SKU104,195,15,3,40,70,149336.85
2024-08-01,SKU105,485,210,10,79,237,3220957.75
2024-08-01,SKU106,238,550,13,89,430,324872.38
2024-08-01,SKU107,151,161,13,26,110,370943.58
2024-08-01,SKU108,15,11,6,5,11,17175.75
2024-08-01,SKU109,82,4,12,20,96,131484.54
2024-08-01,SKU110,293,158,5,139,281,1415588.48
2024-08-01,SKU111,182,107,6,34,66,494026.26
2024-08-01,SKU112,596,286,8,204,418,4190648.84
2024-08-01,SKU113,205,22,4,21,45,339605.05
2024-08-01,SKU114,331,89,5,57,117,722490.25
2024-08-01,SKU115,316,193,10,70,201,199623.52
2024-08-01,SKU116,170,75,6,41,77,732545.3
2024-08-01,SKU117,88,182,5,41,100,57437.6
2024-08-01,SKU118,21,42,6,24,45,21380.73
2024-08-01,SKU119,294,320,14,29,165,2305450.98
2024-08-01,SKU120,101,50,4,101,153,635385.95
2024-08-01,SKU121,44,14,5,6,13,56882.32
2024-08-01,SKU122,214,126,8,36,87,906339.22
2024-08-01,SKU123,96,195,8,59,185,310506.24
2024-08-01,SKU124,99,66,7,24,55,229193.91
2024-08-01,SKU125,580,426,11,140,336,2018916.2
2024-08-01,SKU126,549,645,13,76,326,1700922.78
2024-08-01,SKU127,511,25,8,78,212,1630524.35
2024-08-01,SKU128,141,698,10,184,417,359661.39
2024-08-01,SKU129,40,102,7,27,52,159082.4
2024-08-01,SKU130,516,142,14,119,497,2270203.92
2024-08-01,SKU131,162,76,3,23,40,1050414.48
2024-08-01,SKU132,339,399,9,95,225,1747582.29
2024-08-01,SKU133,1097,384,4,152,314,1995048.08
2024-08-01,SKU134,260,209,11,79,189,1799348.2
2024-08-01,SKU135,80,88,13,51,228,78959.2
2024-08-01,SKU136,195,20,5,19,50,176439.9
2024-08-01,SKU137,210,769,4,280,433,1613077.2
2024-08-01,SKU138,66,73,7,40,88,320168.64
2024-08-01,SKU139,729,558,7,163,312,5527066.59
2024-08-01,SKU140,934,238,8,188,423,4504766.06
2024-08-01,SKU141,237,153,3,83,151,373869.87
2024-08-01,SKU142,113,362,8,86,227,529556.42
2024-08-01,SKU143,171,190,6,63,147,1055140.11
2024-08-01,SKU144,103,71,11,33,81,418611.57
2024-08-01,SKU145,798,420,4,211,365,939996.12
2024-08-01,SKU146,295,93,4,115,179,274273.3
2024-08-01,SKU147,480,113,7,99,200,3000475.2
2024-08-01,SKU148,87,127,8,27,67,246705.03
2024-08-01,SKU149,184,252,6,112,201,431783.6
2024-08-01,SKU150,347,11,3,49,89,932357.77
2024-08-01,SKU151,582,1029,14,262,861,4367904.18
2024-08-01,SKU152,216,109,12,92,246,695677.68
2024-08-01,SKU153,427,125,3,86,128,3204669.16
2024-08-01,SKU154,179,34,10,32,86,709754.69
2024-08-01,SKU155,39,72,10,43,111,226692.96
2024-08-01,SKU156,565,189,8,104,262,660038.65
2024-08-01,SKU157,48,70,14,10,40,57354.72
2024-08-01,SKU158,664,47,4,154,260,3696654.0
2024-08-01,SKU159,798,195,4,183,287,5304186.3
2024-08-01,SKU160,104,64,10,56,131,395590.0
2024-08-01,SKU161,489,53,8,65,196,3602912.88
2024-08-01,SKU162,1077,973,10,223,538,1192303.62
2024-08-01,SKU163,339,21,4,88,134,830648.31
2024-08-01,SKU164,347,99,13,68,214,372938.25
2024-08-01,SKU165,368,156,7,71,156,1946156.96
2024-08-01,SKU166,408,497,13,103,307,2938420.08
2024-08-01,SKU167,75,147,11,43,137,101881.5
2024-08-01,SKU168,340,154,6,50,114,607267.2
2024-08-01,SKU169,248,167,14,87,317,131504.48
2024-08-01,SKU170,62,72,4,70,107,40321.7
2024-08-01,SKU171,72,56,5,29,55,151112.16
2024-08-01,SKU172,68,39,12,10,36,47161.4
2024-08-01,SKU173,393,34,6,96,173,2449899.12
2024-08-01,SKU174,809,381,5,85,218,5456179.15
2024-08-01,SKU175,549,105,7,71,194,668769.84
2024-08-01,SKU176,179,75,8,45,90,1078512.59
2024-08-01,SKU177,67,233,12,51,141,97344.3
2024-08-01,SKU178,336,155,11,46,164,586679.52
2024-08-01,SKU179,1402,1146,10,191,607,11000919.18
2024-08-01,SKU180,382,407,9,258,632,256849.16
2024-08-01,SKU181,268,835,8,130,437,1903370.84
2024-08-01,SKU182,386,1,3,77,123,614411.64
2024-08-01,SKU183,502,1407,5,462,827,3938295.42
2024-08-01,SKU184,180,31,3,23,43,1138793.4
2024-08-01,SKU185,248,157,4,41,83,340940.48
2024-08-01,SKU186,504,53,3,89,159,1303046.64
2024-08-01,SKU187,431,300,9,106,257,2276352.36
2024-08-01,SKU188,452,173,12,65,275,632980.8
2024-08-01,SKU189,57,109,14,52,147,223714.17
2024-08-01,SKU190,106,202,10,60,194,136658.38
2024-08-01,SKU191,101,145,10,53,129,360191.25
2024-08-01,SKU192,63,51,12,32,85,325607.94
2024-08-01,SKU193,186,203,13,58,162,360211.32
2024-08-01,SKU194,112,362,6,112,214,303191.84
2024-08-01,SKU195,412,119,3,66,130,1616906.36
2024-08-01,SKU196,21,48,12,8,28,98417.55
2024-08-01,SKU197,338,103,13,104,281,1781800.8
2024-08-01,SKU198,183,50,9,42,158,494220.78
2024-08-01,SKU199,573,123,3,72,124,2059069.77
2024-08-01,SKU200,100,153,14,26,98,304509.0
2024-09-01,SKU001,374,550,6,176,355,1365589.94
2024-09-01,SKU002,512,183,7,70,192,2895155.2
2024-09-01,SKU003,304,237,8,55,141,1869244.32
2024-09-01,SKU004,368,164,5,99,186,457379.84
2024-09-01,SKU005,641,565,13,138,390,4764187.63
2024-09-01,SKU006,246,180,14,60,288,1630094.4
2024-09-01,SKU007,296,417,9,118,279,1346216.88
2024-09-01,SKU008,125,180,12,192,480,833017.5
2024-09-01,SKU009,193,131,13,41,144,578532.94
2024-09-01,SKU010,37,39,6,16,34,265352.53
2024-09-01,SKU011,536,391,11,122,365,2072760.24
2024-09-01,SKU012,51,28,3,15,25,73732.74
2024-09-01,SKU013,138,299,14,56,164,1069251.6
2024-09-01,SKU014,94,291,13,123,331,293379.64
2024-09-01,SKU015,327,205,4,106,171,411003.03
2024-09-01,SKU016,93,5,13,36,149,186795.15
2024-09-01,SKU017,197,199,4,76,123,1320542.22
2024-09-01,SKU018,341,456,10,93,254,910756.44
2024-09-01,SKU019,100,136,4,43,72,325296.0
2024-09-01,SKU020,627,424,6,173,386,3473166.18
2024-09-01,SKU021,184,10,3,25,41,56499.04
2024-09-01,SKU022,393,426,13,74,222,2123217.87
2024-09-01,SKU023,73,269,11,51,149,277881.8
2024-09-01,SKU024,152,125,12,72,237,202681.36
2024-09-01,SKU025,606,242,9,240,537,2364006.0
2024-09-01,SKU026,160,96,7,19,57,988598.4
2024-09-01,SKU027,350,44,13,82,296,1604351.0
2024-09-01,SKU028,315,95,6,71,176,153984.6
2024-09-01,SKU029,378,423,11,177,469,1291285.8
2024-09-01,SKU030,185,64,6,46,84,381660.55
2024-09-01,SKU031,43,144,6,41,74,108590.05
2024-09-01,SKU032,96,375,13,60,196,438432.0
2024-09-01,SKU033,336,273,12,65,192,1142232.0
2024-09-01,SKU034,137,39,14,34,104,211533.48
2024-09-01,SKU035,676,349,13,90,343,3953437.28
2024-09-01,SKU036,296,578,11,119,311,443958.56
2024-09-01,SKU037,1296,275,4,251,413,7317838.08
2024-09-01,SKU038,344,177,6,63,122,1101801.04
2024-09-01,SKU039,79,57,9,40,85,241269.95
2024-09-01,SKU040,149,27,8,17,63,173517.95
2024-09-01,SKU041,168,457,10,88,236,953018.64
2024-09-01,SKU042,228,132,8,38,95,1769535.36
2024-09-01,SKU043,188,117,5,125,222,701719.4
2024-09-01,SKU044,73,164,10,37,105,72783.19
2024-09-01,SKU045,466,218,6,47,129,847337.12
2024-09-01,SKU046,147,273,10,89,211,696625.65
2024-09-01,SKU047,99,8,4,25,49,606724.47
2024-09-01,SKU048,54,60,9,16,44,194330.88
2024-09-01,SKU049,471,170,9,215,457,2489852.01
2024-09-01,SKU050,116,133,8,69,191,402811.16
2024-09-01,SKU051,77,37,7,16,48,216094.34
2024-09-01,SKU052,167,51,8,34,72,175578.79
2024-09-01,SKU053,1408,1173,12,301,784,10446909.44
2024-09-01,SKU054,58,106,9,35,84,170417.92
2024-09-01,SKU055,334,133,9,93,216,2564729.22
2024-09-01,SKU056,91,33,8,17,39,574774.2
2024-09-01,SKU057,89,16,7,59,117,360715.22
2024-09-01,SKU058,367,7,10,131,345,1717886.63
2024-09-01,SKU059,44,19,6,9,23,124065.04
2024-09-01,SKU060,138,188,5,58,96,503915.28
2024-09-01,SKU061,250,81,4,49,79,1798812.5
2024-09-01,SKU062,469,598,13,98,319,2131032.82
2024-09-01,SKU063,204,289,9,95,245,495630.24
2024-09-01,SKU064,102,58,9,134,289,600189.42
2024-09-01,SKU065,173,40,9,83,221,1271392.57
2024-09-01,SKU066,302,196,13,119,322,163064.9
2024-09-01,SKU067,102,46,8,13,43,681448.74
2024-09-01,SKU068,423,326,11,94,258,1145412.09
2024-09-01,SKU069,319,293,8,142,397,1353099.11
2024-09-01,SKU070,152,32,5,63,122,1140659.68
2024-09-01,SKU071,47,54,6,42,83,170234.0
2024-09-01,SKU072,164,49,4,45,78,1174322.0
2024-09-01,SKU073,503,253,3,186,274,3608627.63
2024-09-01,SKU074,22,2,13,5,15,59365.9
2024-09-01,SKU075,1583,200,6,311,618,4979880.55
2024-09-01,SKU076,48,13,10,8,22,289805.76
2024-09-01,SKU077,98,285,9,79,177,207516.96
2024-09-01,SKU078,122,101,12,36,92,816316.64
2024-09-01,SKU079,148,254,7,94,218,724492.56
2024-09-01,SKU080,472,105,3,143,204,836558.64
2024-09-01,SKU081,283,361,14,107,312,2202206.95
2024-09-01,SKU082,238,3,12,38,166,324919.98
2024-09-01,SKU083,56,16,3,23,32,71210.72
2024-09-01,SKU084,249,182,6,67,122,297355.8
2024-09-01,SKU085,360,67,9,40,136,1711314.0
2024-09-01,SKU086,140,8,9,40,85,907475.8
2024-09-01,SKU087,250,379,11,66,237,316425.0
2024-09-01,SKU088,215,219,11,51,205,1599301.15
2024-09-01,SKU089,145,252,7,72,137,585296.85
2024-09-01,SKU090,80,163,5,68,129,612486.4
2024-09-01,SKU091,121,118,3,42,69,53561.86
2024-09-01,SKU092,27,26,6,7,18,139409.37
2024-09-01,SKU093,169,464,10,84,247,591185.66
2024-09-01,SKU094,6,0,10,5,12,29215.98
2024-09-01,SKU095,238,177,3,86,130,921585.98
2024-09-01,SKU096,117,8,6,17,40,45424.08
2024-09-01,SKU097,297,199,3,113,158,1908323.01
2024-09-01,SKU098,282,514,13,108,322,1230495.72
2024-09-01,SKU099,514,222,13,84,288,2530977.12
2024-09-01,SKU100,421,331,4,169,255,1326120.53
2024-09-01,SKU101,160,478,14,108,503,1115688.0
2024-09-01,SKU102,214,213,12,60,160,464542.64
2024-09-01,SKU103,490,134,8,118,298,3223420.9
2024-09-01,SKU104,121,33,8,28,98,92665.43
2024-09-01,SKU105,132,414,10,64,221,876631.8
2024-09-01,SKU106,255,471,10,82,295,348077.55
2024-09-01,SKU107,167,73,3,36,53,410248.86
2024-09-01,SKU108,29,1,9,5,16,33206.45
2024-09-01,SKU109,57,13,4,25,45,91397.79
2024-09-01,SKU110,776,454,12,198,504,3749135.36
2024-09-01,SKU111,32,62,3,23,38,86861.76
2024-09-01,SKU112,596,474,12,170,476,4190648.84
2024-09-01,SKU113,130,146,12,36,101,215359.3
2024-09-01,SKU114,197,108,6,42,100,430001.75
2024-09-01,SKU115,224,239,4,71,123,141505.28
2024-09-01,SKU116,125,123,9,39,92,538636.25
2024-09-01,SKU117,371,75,7,37,113,242151.7
2024-09-01,SKU118,93,25,5,23,37,94686.09
2024-09-01,SKU119,153,114,6,33,89,1199775.51
2024-09-01,SKU120,324,82,6,42,112,2038267.8
2024-09-01,SKU121,14,5,10,10,23,18098.92
2024-09-01,SKU122,41,140,12,40,102,173644.43
2024-09-01,SKU123,99,179,11,98,259,320209.56
2024-09-01,SKU124,98,45,4,19,38,226878.82
2024-09-01,SKU125,449,285,12,103,293,1562919.61
2024-09-01,SKU126,377,430,14,93,354,1168028.94
2024-09-01,SKU127,421,121,4,86,141,1343347.85
2024-09-01,SKU128,609,9,14,147,434,1553431.11
2024-09-01,SKU129,33,38,9,11,34,131242.98
2024-09-01,SKU130,379,50,14,76,410,1667455.98
2024-09-01,SKU131,38,30,3,24,40,246393.52
2024-09-01,SKU132,215,257,7,94,187,1108348.65
2024-09-01,SKU133,577,241,10,150,515,1049355.28
2024-09-01,SKU134,242,23,3,73,105,1674777.94
2024-09-01,SKU135,87,267,5,101,167,85868.13
2024-09-01,SKU136,144,130,13,31,97,130294.08
2024-09-01,SKU137,578,77,10,114,483,4439802.96
2024-09-01,SKU138,96,68,9,40,92,465699.84
2024-09-01,SKU139,254,46,5,99,195,1925754.34
2024-09-01,SKU140,731,118,4,199,309,3525678.79
2024-09-01,SKU141,148,196,3,124,182,233471.48
2024-09-01,SKU142,473,30,4,72,140,2216638.82
2024-09-01,SKU143,182,90,9,53,163,1123014.62
2024-09-01,SKU144,111,42,5,19,40,451125.09
2024-09-01,SKU145,443,720,8,234,508,521827.42
2024-09-01,SKU146,493,102,3,74,118,458361.82
2024-09-01,SKU147,346,331,14,64,252,2162842.54
2024-09-01,SKU148,129,40,7,28,63,365804.01
2024-09-01,SKU149,212,93,14,89,268,497489.8
2024-09-01,SKU150,261,136,6,66,146,701283.51
2024-09-01,SKU151,362,554,10,221,583,2716806.38
2024-09-01,SKU152,85,7,3,84,120,273762.05
2024-09-01,SKU153,234,194,13,91,258,1756188.72
2024-09-01,SKU154,153,69,3,35,52,606661.83
2024-09-01,SKU155,119,90,3,33,53,691704.16
2024-09-01,SKU156,161,57,7,63,183,188081.81
2024-09-01,SKU157,56,60,6,18,33,66913.84
2024-09-01,SKU158,411,87,9,77,298,2288139.75
2024-09-01,SKU159,479,401,9,172,389,3183841.15
2024-09-01,SKU160,64,183,14,35,113,243440.0
2024-09-01,SKU161,262,141,6,81,179,1930395.04
2024-09-01,SKU162,444,659,4,223,337,491534.64
2024-09-01,SKU163,210,2,4,48,92,514560.9
2024-09-01,SKU164,241,159,5,44,91,259014.75
2024-09-01,SKU165,141,295,11,45,171,745674.27
2024-09-01,SKU166,471,19,3,43,86,3392146.71
2024-09-01,SKU167,218,71,10,57,139,296135.56
2024-09-01,SKU168,129,108,5,42,85,230404.32
2024-09-01,SKU169,493,145,12,49,226,261418.18
2024-09-01,SKU170,194,22,11,53,146,126167.9
2024-09-01,SKU171,27,68,7,27,55,56667.06
2024-09-01,SKU172,59,48,6,14,29,40919.45
2024-09-01,SKU173,77,335,8,74,169,480005.68
2024-09-01,SKU174,491,77,8,196,411,3311475.85
2024-09-01,SKU175,251,178,3,66,113,305758.16
2024-09-01,SKU176,185,72,13,38,110,1114663.85
2024-09-01,SKU177,190,140,9,32,93,276051.0
2024-09-01,SKU178,160,16,5,72,121,279371.2
2024-09-01,SKU179,668,499,14,167,691,5241522.12
2024-09-01,SKU180,747,567,11,190,624,502267.86
2024-09-01,SKU181,1163,1069,14,162,659,8259777.19
2024-09-01,SKU182,354,379,10,58,194,563475.96
2024-09-01,SKU183,630,2622,14,356,1336,4942482.3
2024-09-01,SKU184,32,86,10,43,104,202452.16
2024-09-01,SKU185,274,172,6,73,129,376684.24
2024-09-01,SKU186,431,682,12,149,419,1114311.71
2024-09-01,SKU187,528,306,8,101,223,2788663.68
2024-09-01,SKU188,248,52,10,76,246,347299.2
2024-09-01,SKU189,62,53,4,26,47,243338.22
2024-09-01,SKU190,364,96,3,43,77,469279.72
2024-09-01,SKU191,242,175,8,55,117,863032.5
2024-09-01,SKU192,135,56,8,31,64,697731.3
2024-09-01,SKU193,190,91,13,28,124,367957.8
2024-09-01,SKU194,131,25,7,94,198,354626.17
2024-09-01,SKU195,419,188,7,89,235,1644378.07
2024-09-01,SKU196,27,5,13,16,47,126536.85
2024-09-01,SKU197,166,384,13,48,199,875085.6
2024-09-01,SKU198,374,119,8,56,149,1010046.84
2024-09-01,SKU199,447,59,10,95,245,1606290.03
2024-09-01,SKU200,137,50,6,24,52,417177.33
2024-10-01,SKU001,583,941,14,135,562,2128713.73
2024-10-01,SKU002,357,371,7,90,211,2018692.2
2024-10-01,SKU003,275,48,9,55,148,1690928.25
2024-10-01,SKU004,143,0,13,63,294,177731.84
2024-10-01,SKU005,599,300,10,85,278,4452025.57
2024-10-01,SKU006,307,213,3,124,174,2034304.8
2024-10-01,SKU007,290,85,6,121,227,1318928.7
2024-10-01,SKU008,717,337,5,129,243,4778188.38
2024-10-01,SKU009,224,279,9,60,145,671457.92
2024-10-01,SKU010,24,21,6,19,38,172120.56
2024-10-01,SKU011,433,143,7,141,300,1674449.97
2024-10-01,SKU012,99,73,12,14,48,143128.26
2024-10-01,SKU013,273,65,3,29,52,2115258.6
2024-10-01,SKU014,228,47,14,108,335,711601.68
2024-10-01,SKU015,509,121,14,128,376,639757.01
2024-10-01,SKU016,252,148,6,41,101,506154.6
2024-10-01,SKU017,317,68,4,84,128,2124933.42
2024-10-01,SKU018,491,220,13,100,308,1311382.44
2024-10-01,SKU019,133,87,5,48,83,432643.68
2024-10-01,SKU020,674,413,4,103,235,3733515.16
2024-10-01,SKU021,214,117,14,46,134,65710.84
2024-10-01,SKU022,123,292,12,80,208,664518.57
2024-10-01,SKU023,322,27,13,60,180,1225725.2
2024-10-01,SKU024,141,317,14,65,244,188013.63
2024-10-01,SKU025,916,356,11,183,527,3573316.0
2024-10-01,SKU026,144,7,9,52,111,889738.56
2024-10-01,SKU027,501,40,9,128,278,2296513.86
2024-10-01,SKU028,345,118,3,69,127,168649.8
2024-10-01,SKU029,243,364,10,99,368,830112.3
2024-10-01,SKU030,163,41,3,32,52,336273.89
2024-10-01,SKU031,187,158,12,41,109,472240.45
2024-10-01,SKU032,176,177,7,43,116,803792.0
2024-10-01,SKU033,237,125,7,43,120,805681.5
2024-10-01,SKU034,99,49,5,23,50,152859.96
2024-10-01,SKU035,563,254,6,94,216,3292581.64
2024-10-01,SKU036,533,84,4,66,140,799425.38
2024-10-01,SKU037,763,906,10,175,578,4308264.24
2024-10-01,SKU038,245,166,9,47,129,784712.95
2024-10-01,SKU039,108,124,13,27,89,329837.4
2024-10-01,SKU040,35,48,5,38,70,40759.25
2024-10-01,SKU041,248,219,4,61,126,1406837.04
2024-10-01,SKU042,233,11,4,48,76,1808340.96
2024-10-01,SKU043,466,28,9,104,287,1739368.3
2024-10-01,SKU044,174,31,11,55,138,173483.22
2024-10-01,SKU045,416,183,5,81,150,756421.12
2024-10-01,SKU046,226,47,5,36,90,1071002.7
2024-10-01,SKU047,149,90,3,41,59,913150.97
2024-10-01,SKU048,73,29,12,14,57,262706.56
2024-10-01,SKU049,832,178,8,186,405,4398209.92
2024-10-01,SKU050,372,380,9,59,205,1291773.72
2024-10-01,SKU051,97,136,10,18,74,272222.74
2024-10-01,SKU052,43,128,6,38,67,45208.91
2024-10-01,SKU053,504,284,3,271,390,3739518.72
2024-10-01,SKU054,123,8,3,35,54,361403.52
2024-10-01,SKU055,181,323,5,97,170,1389868.23
2024-10-01,SKU056,46,76,11,16,44,290545.2
2024-10-01,SKU057,127,30,6,34,88,514728.46
2024-10-01,SKU058,327,263,13,112,374,1530651.03
2024-10-01,SKU059,16,38,11,7,31,45114.56
2024-10-01,SKU060,141,280,14,44,148,514869.96
2024-10-01,SKU061,251,195,11,30,113,1806007.75
2024-10-01,SKU062,221,25,5,112,202,1004175.38
2024-10-01,SKU063,173,52,3,111,158,420313.88
2024-10-01,SKU064,584,550,12,91,296,3436378.64
2024-10-01,SKU065,458,28,7,57,157,3365883.22
2024-10-01,SKU066,274,78,11,131,314,147946.3
2024-10-01,SKU067,27,83,8,14,43,180383.49
2024-10-01,SKU068,411,240,3,83,130,1112918.13
2024-10-01,SKU069,859,437,3,186,277,3643611.71
2024-10-01,SKU070,274,200,4,85,139,2056189.16
2024-10-01,SKU071,36,100,4,54,82,130392.0
2024-10-01,SKU072,165,38,4,45,75,1181482.5
2024-10-01,SKU073,419,499,7,213,421,3005993.99
2024-10-01,SKU074,25,17,4,5,10,67461.25
2024-10-01,SKU075,1231,1495,12,317,932,3872541.35
2024-10-01,SKU076,67,73,14,10,42,404520.54
2024-10-01,SKU077,191,132,7,75,143,404446.32
2024-10-01,SKU078,117,134,13,40,110,782861.04
2024-10-01,SKU079,432,371,11,83,272,2114735.04
2024-10-01,SKU080,606,131,9,132,312,1074056.22
2024-10-01,SKU081,99,136,6,45,129,770383.35
2024-10-01,SKU082,268,234,6,73,134,365876.28
2024-10-01,SKU083,35,31,10,16,37,44506.7
2024-10-01,SKU084,154,274,13,58,171,183906.8
2024-10-01,SKU085,289,165,5,47,101,1373804.85
2024-10-01,SKU086,75,11,3,18,34,486147.75
2024-10-01,SKU087,288,233,6,111,202,364521.6
2024-10-01,SKU088,234,228,11,96,259,1740634.74
2024-10-01,SKU089,155,26,7,57,126,625662.15
2024-10-01,SKU090,307,190,9,63,155,2350416.56
2024-10-01,SKU091,187,219,10,47,134,82777.42
2024-10-01,SKU092,55,31,4,14,24,283982.05
2024-10-01,SKU093,441,180,3,54,102,1542679.74
2024-10-01,SKU094,21,0,8,5,11,102255.93
2024-10-01,SKU095,171,160,5,76,152,662147.91
2024-10-01,SKU096,26,47,13,22,72,10094.24
2024-10-01,SKU097,213,508,14,76,306,1368595.29
2024-10-01,SKU098,93,92,10,87,272,405801.78
2024-10-01,SKU099,308,160,8,78,212,1516616.64
2024-10-01,SKU100,409,55,14,85,393,1288321.37
2024-10-01,SKU101,768,416,8,121,335,5355302.4
2024-10-01,SKU102,295,100,5,32,77,640374.2
2024-10-01,SKU103,481,401,10,88,299,3164215.21
2024-10-01,SKU104,198,131,3,41,67,151634.34
2024-10-01,SKU105,270,110,5,68,143,1793110.5
2024-10-01,SKU106,797,868,13,169,471,1087912.97
2024-10-01,SKU107,60,41,8,26,78,147394.8
2024-10-01,SKU108,11,3,3,5,10,12595.55
2024-10-01,SKU109,43,32,4,24,46,68949.21
2024-10-01,SKU110,734,484,14,169,526,3546218.24
2024-10-01,SKU111,33,159,14,26,103,89576.19
2024-10-01,SKU112,433,150,13,98,432,3044548.57
2024-10-01,SKU113,91,3,11,16,75,150751.51
2024-10-01,SKU114,317,65,6,76,136,691931.75
2024-10-01,SKU115,226,355,10,60,187,142768.72
2024-10-01,SKU116,125,67,5,30,54,538636.25
2024-10-01,SKU117,172,219,8,58,149,112264.4
2024-10-01,SKU118,98,5,6,12,30,99776.74
2024-10-01,SKU119,147,57,8,44,120,1152725.49
2024-10-01,SKU120,273,28,5,39,94,1717429.35
2024-10-01,SKU121,33,4,7,5,13,42661.74
2024-10-01,SKU122,125,99,8,24,67,529403.75
2024-10-01,SKU123,353,218,8,114,240,1141757.32
2024-10-01,SKU124,32,36,9,23,65,74082.88
2024-10-01,SKU125,251,27,10,71,236,873703.39
2024-10-01,SKU126,479,159,11,143,342,1484047.38
2024-10-01,SKU127,363,110,3,51,98,1158278.55
2024-10-01,SKU128,461,303,6,86,212,1175914.19
2024-10-01,SKU129,71,31,7,10,26,282371.26
2024-10-01,SKU130,417,557,8,199,403,1834641.54
2024-10-01,SKU131,179,130,11,41,97,1160643.16
2024-10-01,SKU132,274,8,13,91,270,1412500.14
2024-10-01,SKU133,1066,233,4,247,396,1938670.24
2024-10-01,SKU134,267,297,11,58,170,1847792.19
2024-10-01,SKU135,268,189,5,46,104,264513.32
2024-10-01,SKU136,113,30,9,19,69,102244.66
2024-10-01,SKU137,248,722,10,113,474,1904967.36
2024-10-01,SKU138,168,46,7,26,67,814974.72
2024-10-01,SKU139,627,141,13,63,331,4753732.17
2024-10-01,SKU140,520,139,7,134,328,2508006.8
2024-10-01,SKU141,241,83,9,84,270,380179.91
2024-10-01,SKU142,483,214,14,76,298,2263502.22
2024-10-01,SKU143,264,210,10,43,166,1628988.24
2024-10-01,SKU144,127,9,10,22,68,516152.13
2024-10-01,SKU145,832,313,5,168,353,980046.08
2024-10-01,SKU146,344,264,7,97,198,319830.56
2024-10-01,SKU147,306,68,9,81,191,1912802.94
2024-10-01,SKU148,75,11,3,23,36,212676.75
2024-10-01,SKU149,238,60,3,90,126,558502.7
2024-10-01,SKU150,111,315,12,50,181,298247.01
2024-10-01,SKU151,690,435,10,119,487,5178443.1
2024-10-01,SKU152,190,59,11,53,191,611938.7
2024-10-01,SKU153,137,217,7,36,118,1028195.96
2024-10-01,SKU154,102,76,3,33,46,404441.22
2024-10-01,SKU155,241,44,4,28,57,1400846.24
2024-10-01,SKU156,344,152,7,86,210,401864.24
2024-10-01,SKU157,72,11,7,14,28,86032.08
2024-10-01,SKU158,617,497,7,110,267,3434993.25
2024-10-01,SKU159,455,232,4,132,232,3024316.75
2024-10-01,SKU160,38,87,5,22,51,144542.5
2024-10-01,SKU161,549,205,3,62,111,4044988.08
2024-10-01,SKU162,911,582,10,93,378,1008531.66
2024-10-01,SKU163,304,152,3,79,112,744888.16
2024-10-01,SKU164,149,70,13,69,210,160137.75
2024-10-01,SKU165,226,288,12,33,157,1195194.22
2024-10-01,SKU166,305,397,11,108,279,2196613.05
2024-10-01,SKU167,136,169,14,43,150,184745.12
2024-10-01,SKU168,142,79,10,36,135,253623.36
2024-10-01,SKU169,475,5,7,56,155,251873.5
2024-10-01,SKU170,171,129,8,51,109,111209.85
2024-10-01,SKU171,71,64,12,20,60,149013.38
2024-10-01,SKU172,53,27,9,15,33,36758.15
2024-10-01,SKU173,277,8,10,81,204,1726773.68
2024-10-01,SKU174,607,793,11,206,520,4093820.45
2024-10-01,SKU175,242,460,14,130,364,294794.72
2024-10-01,SKU176,111,129,5,39,65,668798.31
2024-10-01,SKU177,159,25,11,33,112,231011.1
2024-10-01,SKU178,241,152,3,72,101,420802.87
2024-10-01,SKU179,987,413,3,246,359,7744584.33
2024-10-01,SKU180,844,1197,9,303,645,567488.72
2024-10-01,SKU181,212,504,4,299,450,1505651.56
2024-10-01,SKU182,279,263,7,125,237,444095.46
2024-10-01,SKU183,574,1663,13,204,1080,4503150.54
2024-10-01,SKU184,224,239,10,61,142,1417165.12
2024-10-01,SKU185,183,65,4,65,103,251581.08
2024-10-01,SKU186,271,387,12,151,411,700646.11
2024-10-01,SKU187,146,112,7,84,186,771107.76
2024-10-01,SKU188,304,51,3,94,143,425721.6
2024-10-01,SKU189,171,33,4,17,37,671142.51
2024-10-01,SKU190,115,292,10,88,207,148261.45
2024-10-01,SKU191,101,156,6,48,92,360191.25
2024-10-01,SKU192,81,38,9,17,53,418638.78
2024-10-01,SKU193,239,8,14,50,159,462852.18
2024-10-01,SKU194,153,242,13,93,295,414181.71
2024-10-01,SKU195,497,393,6,127,239,1950491.41
2024-10-01,SKU196,33,3,4,15,23,154656.15
2024-10-01,SKU197,62,72,3,43,78,326839.2
2024-10-01,SKU198,119,79,3,61,94,321378.54
2024-10-01,SKU199,208,361,11,44,195,747445.92
2024-10-01,SKU200,171,73,10,16,65,520710.39
2024-11-01,SKU001,891,598,7,188,371,3253317.21
2024-11-01,SKU002,507,3,14,67,311,2866882.2
2024-11-01,SKU003,235,189,5,58,105,1444975.05
2024-11-01,SKU004,356,340,13,91,289,442465.28
2024-11-01,SKU005,471,440,14,108,350,3500674.53
2024-11-01,SKU006,310,87,14,110,314,2054184.0
2024-11-01,SKU007,328,23,8,62,178,1491753.84
2024-11-01,SKU008,347,395,13,103,371,2312456.58
2024-11-01,SKU009,273,234,14,65,184,818339.34
2024-11-01,SKU010,62,48,6,17,33,444644.78
2024-11-01,SKU011,338,108,3,67,126,1307076.42
2024-11-01,SKU012,99,94,11,22,53,143128.26
2024-11-01,SKU013,249,102,5,41,81,1929301.8
2024-11-01,SKU014,139,31,9,67,210,433827.34
2024-11-01,SKU015,264,248,9,106,253,331818.96
2024-11-01,SKU016,47,5,5,57,101,94401.85
2024-11-01,SKU017,276,32,12,39,158,1850099.76
2024-11-01,SKU018,86,207,5,49,125,229692.24
2024-11-01,SKU019,190,47,10,46,111,618062.4
2024-11-01,SKU020,342,717,11,167,517,1894454.28
2024-11-01,SKU021,40,119,9,16,66,12282.4
2024-11-01,SKU022,226,260,12,57,169,1220985.34
2024-11-01,SKU023,243,43,9,47,120,925003.8
2024-11-01,SKU024,298,208,8,69,174,397362.14
2024-11-01,SKU025,306,647,5,203,338,1193706.0
2024-11-01,SKU026,108,3,6,15,43,667303.92
2024-11-01,SKU027,439,385,14,108,333,2012314.54
2024-11-01,SKU028,541,280,12,70,292,264462.44
2024-11-01,SKU029,493,262,4,87,187,1684137.3
2024-11-01,SKU030,76,114,6,27,60,156790.28
2024-11-01,SKU031,170,30,13,30,112,429309.5
2024-11-01,SKU032,150,294,8,76,155,685050.0
2024-11-01,SKU033,328,24,4,62,100,1115036.0
2024-11-01,SKU034,166,27,14,37,107,256310.64
2024-11-01,SKU035,541,390,11,97,273,3163919.48
2024-11-01,SKU036,82,329,10,72,222,122988.52
2024-11-01,SKU037,785,956,14,207,709,4432486.8
2024-11-01,SKU038,68,270,12,55,172,217797.88
2024-11-01,SKU039,63,55,5,29,52,192405.15
2024-11-01,SKU040,67,6,9,18,71,78024.85
2024-11-01,SKU041,330,260,11,85,238,1872000.9
2024-11-01,SKU042,161,26,3,38,56,1249540.32
2024-11-01,SKU043,104,213,11,138,336,388185.2
2024-11-01,SKU044,53,201,11,30,111,52842.59
2024-11-01,SKU045,247,389,14,100,284,449125.04
2024-11-01,SKU046,317,52,3,88,121,1502247.15
2024-11-01,SKU047,44,113,7,30,65,269655.32
2024-11-01,SKU048,58,89,13,19,61,208725.76
2024-11-01,SKU049,307,215,5,73,190,1622897.17
2024-11-01,SKU050,296,364,8,103,222,1027862.96
2024-11-01,SKU051,58,3,5,27,45,162772.36
2024-11-01,SKU052,94,15,3,19,28,98828.78
2024-11-01,SKU053,935,406,4,117,267,6937400.8
2024-11-01,SKU054,60,78,5,28,59,176294.4
2024-11-01,SKU055,261,163,10,91,214,2004174.63
2024-11-01,SKU056,34,12,9,14,36,214750.8
2024-11-01,SKU057,47,84,9,31,100,190490.06
2024-11-01,SKU058,439,222,8,96,253,2054910.71
2024-11-01,SKU059,20,12,6,14,28,56393.2
2024-11-01,SKU060,138,221,10,39,112,503915.28
2024-11-01,SKU061,193,97,10,36,113,1388683.25
2024-11-01,SKU062,577,15,6,79,179,2621761.06
2024-11-01,SKU063,460,204,12,106,292,1117597.6
2024-11-01,SKU064,333,246,12,87,275,1959441.93
2024-11-01,SKU065,234,23,5,45,110,1719687.06
2024-11-01,SKU066,74,97,14,107,310,39956.3
2024-11-01,SKU067,101,80,14,24,67,674767.87
2024-11-01,SKU068,78,328,9,69,181,211210.74
2024-11-01,SKU069,310,732,8,200,417,1314923.9
2024-11-01,SKU070,156,139,12,95,241,1170677.04
2024-11-01,SKU071,97,189,14,40,133,351334.0
2024-11-01,SKU072,148,162,7,37,90,1059754.0
2024-11-01,SKU073,298,926,14,155,519,2137914.58
2024-11-01,SKU074,22,24,9,6,13,59365.9
2024-11-01,SKU075,1075,1900,13,364,977,3381788.75
2024-11-01,SKU076,33,22,4,7,13,199241.46
2024-11-01,SKU077,254,271,13,68,183,537850.08
2024-11-01,SKU078,125,83,8,14,47,836390.0
2024-11-01,SKU079,372,405,12,69,249,1821021.84
2024-11-01,SKU080,246,129,3,124,177,436003.02
2024-11-01,SKU081,431,459,13,86,252,3353891.15
2024-11-01,SKU082,133,140,7,55,129,181572.93
2024-11-01,SKU083,22,31,6,7,17,27975.64
2024-11-01,SKU084,203,67,3,26,51,242422.6
2024-11-01,SKU085,159,101,10,50,140,755830.35
2024-11-01,SKU086,139,97,6,22,51,900993.83
2024-11-01,SKU087,261,109,3,63,103,330347.7
2024-11-01,SKU088,308,310,8,54,160,2291091.88
2024-11-01,SKU089,322,57,10,38,132,1299762.66
2024-11-01,SKU090,197,124,3,78,108,1508247.76
2024-11-01,SKU091,202,40,12,53,137,89417.32
2024-11-01,SKU092,12,45,11,11,32,61959.72
2024-11-01,SKU093,473,317,5,110,189,1654620.22
2024-11-01,SKU094,2,8,9,5,10,9738.66
2024-11-01,SKU095,108,238,4,96,144,418198.68
2024-11-01,SKU096,33,39,5,13,33,12811.92
2024-11-01,SKU097,361,251,5,64,138,2319544.13
2024-11-01,SKU098,112,195,4,70,130,488707.52
2024-11-01,SKU099,396,105,3,82,125,1949935.68
2024-11-01,SKU100,650,698,14,138,403,2047454.5
2024-11-01,SKU101,398,447,12,119,416,2775273.9
2024-11-01,SKU102,276,110,7,31,89,599129.76
2024-11-01,SKU103,439,412,5,119,211,2887921.99
2024-11-01,SKU104,52,65,14,41,148,39823.16
2024-11-01,SKU105,262,39,5,92,157,1739981.3
2024-11-01,SKU106,227,217,4,74,154,309857.27
2024-11-01,SKU107,53,79,5,31,58,130198.74
2024-11-01,SKU108,26,26,10,5,14,29771.3
2024-11-01,SKU109,82,50,14,15,83,131484.54
2024-11-01,SKU110,464,162,3,131,197,2241751.04
2024-11-01,SKU111,170,67,8,37,76,461453.1
2024-11-01,SKU112,783,59,3,146,215,5505500.07
2024-11-01,SKU113,138,74,9,17,65,228612.18
2024-11-01,SKU114,141,159,6,36,87,307767.75
2024-11-01,SKU115,288,35,8,38,124,181935.36
2024-11-01,SKU116,40,74,9,14,56,172363.6
2024-11-01,SKU117,81,148,14,33,165,52868.7
2024-11-01,SKU118,58,0,6,13,28,59051.54
2024-11-01,SKU119,147,122,4,40,73,1152725.49
2024-11-01,SKU120,69,213,11,35,154,434075.55
2024-11-01,SKU121,15,11,12,5,15,19391.7
2024-11-01,SKU122,161,44,4,41,62,681872.03
2024-11-01,SKU123,417,14,6,101,186,1348761.48
2024-11-01,SKU124,114,36,7,18,47,263920.26
2024-11-01,SKU125,99,404,12,55,237,344608.11
2024-11-01,SKU126,221,258,6,95,198,684706.62
2024-11-01,SKU127,404,90,9,65,197,1289103.4
2024-11-01,SKU128,631,8,14,116,371,1609548.49
2024-11-01,SKU129,85,76,9,15,40,338050.1
2024-11-01,SKU130,558,152,4,66,147,2454987.96
2024-11-01,SKU131,90,0,8,37,75,583563.6
2024-11-01,SKU132,70,151,6,60,129,360857.7
2024-11-01,SKU133,308,587,10,154,492,560141.12
2024-11-01,SKU134,235,220,10,32,114,1626333.95
2024-11-01,SKU135,201,189,5,85,144,198384.99
2024-11-01,SKU136,104,31,4,25,42,94101.28
2024-11-01,SKU137,1010,986,9,198,504,7758133.2
2024-11-01,SKU138,80,25,13,25,89,388083.2
2024-11-01,SKU139,435,493,13,118,328,3298043.85
2024-11-01,SKU140,564,369,3,124,199,2720222.76
2024-11-01,SKU141,177,192,8,123,266,279219.27
2024-11-01,SKU142,401,89,5,94,159,1879222.34
2024-11-01,SKU143,222,114,4,49,97,1369831.02
2024-11-01,SKU144,62,57,5,13,32,251979.78
2024-11-01,SKU145,350,265,4,175,298,412279.0
2024-11-01,SKU146,182,29,7,65,163,169212.68
2024-11-01,SKU147,234,84,8,62,146,1462731.66
2024-11-01,SKU148,37,96,8,18,51,104920.53
2024-11-01,SKU149,266,177,9,63,172,624208.9
2024-11-01,SKU150,87,239,7,71,148,233761.17
2024-11-01,SKU151,787,99,6,118,311,5906427.13
2024-11-01,SKU152,143,236,11,78,200,460564.39
2024-11-01,SKU153,361,239,4,91,139,2709333.88
2024-11-01,SKU154,56,22,9,32,69,222046.16
2024-11-01,SKU155,161,10,4,24,47,935835.04
2024-11-01,SKU156,162,461,10,87,249,189250.02
2024-11-01,SKU157,22,5,3,10,14,26287.58
2024-11-01,SKU158,496,66,6,89,227,2761356.0
2024-11-01,SKU159,547,278,10,72,296,3635826.95
2024-11-01,SKU160,171,24,9,37,82,650441.25
2024-11-01,SKU161,112,360,7,81,188,825207.04
2024-11-01,SKU162,292,273,3,182,259,323261.52
2024-11-01,SKU163,71,263,14,78,224,173970.59
2024-11-01,SKU164,127,44,10,48,135,136493.25
2024-11-01,SKU165,333,165,3,72,101,1761060.51
2024-11-01,SKU166,412,295,6,70,148,2967228.12
2024-11-01,SKU167,184,28,3,26,46,249949.28
2024-11-01,SKU168,126,42,7,30,85,225046.08
2024-11-01,SKU169,242,59,8,69,179,128322.92
2024-11-01,SKU170,108,98,9,39,103,70237.8
2024-11-01,SKU171,19,81,11,12,54,39876.82
2024-11-01,SKU172,26,12,4,5,12,18032.3
2024-11-01,SKU173,319,275,8,51,140,1988594.96
2024-11-01,SKU174,412,747,13,168,477,2778672.2
2024-11-01,SKU175,228,16,3,117,163,277740.48
2024-11-01,SKU176,70,122,14,15,71,421764.7
2024-11-01,SKU177,110,21,7,43,85,159819.0
2024-11-01,SKU178,190,87,3,47,73,331753.3
2024-11-01,SKU179,277,563,12,159,567,2173505.43
2024-11-01,SKU180,653,934,11,119,494,439064.14
2024-11-01,SKU181,384,484,5,242,404,2727217.92
2024-11-01,SKU182,400,59,6,39,110,636696.0
2024-11-01,SKU183,1520,109,7,314,759,11924719.2
2024-11-01,SKU184,65,0,10,37,102,411230.95
2024-11-01,SKU185,266,42,5,55,98,365686.16
2024-11-01,SKU186,668,248,4,126,208,1727053.88
2024-11-01,SKU187,131,246,8,70,174,691884.36
2024-11-01,SKU188,336,435,12,98,259,470534.4
2024-11-01,SKU189,159,84,5,33,56,624044.79
2024-11-01,SKU190,351,15,4,77,118,452519.73
2024-11-01,SKU191,62,80,3,30,51,221107.5
2024-11-01,SKU192,37,73,7,18,43,191230.06
2024-11-01,SKU193,73,132,6,52,95,141373.26
2024-11-01,SKU194,171,162,12,104,266,462908.97
2024-11-01,SKU195,201,343,8,103,242,788830.53
2024-11-01,SKU196,17,27,8,9,19,79671.35
2024-11-01,SKU197,69,208,4,72,113,363740.4
2024-11-01,SKU198,197,175,6,54,118,532030.02
2024-11-01,SKU199,366,47,4,53,102,1315217.34
2024-11-01,SKU200,46,93,4,31,47,140074.14
2024-12-01,SKU001,790,15,13,156,549,2884534.9
2024-12-01,SKU002,459,109,4,91,159,2595461.4
2024-12-01,SKU003,146,24,5,53,109,897729.18
2024-12-01,SKU004,460,201,9,120,272,571724.8
2024-12-01,SKU005,181,375,7,86,222,1345269.83
2024-12-01,SKU006,329,75,4,94,162,2180085.6
2024-12-01,SKU007,454,91,3,136,189,2064805.62
2024-12-01,SKU008,417,445,8,86,271,2778946.38
2024-12-01,SKU009,309,122,13,28,147,926252.22
2024-12-01,SKU010,27,22,5,21,39,193635.63
2024-12-01,SKU011,421,675,14,121,445,1628044.89
2024-12-01,SKU012,70,1,13,24,63,101201.8
2024-12-01,SKU013,249,200,5,68,112,1929301.8
2024-12-01,SKU014,419,507,13,115,337,1307724.14
2024-12-01,SKU015,587,380,7,121,245,737794.43
2024-12-01,SKU016,320,181,10,64,170,642736.0
2024-12-01,SKU017,142,186,7,65,142,951862.92
2024-12-01,SKU018,543,153,4,81,143,1450266.12
2024-12-01,SKU019,152,0,9,36,96,494449.92
2024-12-01,SKU020,881,266,6,184,378,4880158.54
2024-12-01,SKU021,151,101,5,28,58,46366.06
2024-12-01,SKU022,224,291,14,60,206,1210180.16
2024-12-01,SKU023,166,243,14,26,145,631895.6
2024-12-01,SKU024,263,44,5,48,112,350692.09
2024-12-01,SKU025,317,628,3,235,329,1236617.0
2024-12-01,SKU026,126,100,14,33,109,778521.24
2024-12-01,SKU027,460,43,3,61,111,2108575.6
2024-12-01,SKU028,390,122,6,61,177,190647.6
2024-12-01,SKU029,516,565,7,113,296,1762707.6
2024-12-01,SKU030,183,76,8,21,75,377534.49
2024-12-01,SKU031,158,3,4,27,51,399005.3
2024-12-01,SKU032,64,91,8,49,132,292288.0
2024-12-01,SKU033,82,239,9,40,137,278759.0
2024-12-01,SKU034,33,28,11,30,83,50953.32
2024-12-01,SKU035,486,93,12,98,333,2842264.08
2024-12-01,SKU036,466,326,13,136,368,698934.76
2024-12-01,SKU037,986,887,12,204,712,5567429.28
2024-12-01,SKU038,214,98,6,49,104,685422.74
2024-12-01,SKU039,104,20,4,16,35,317621.2
2024-12-01,SKU040,53,78,7,40,77,61721.15
2024-12-01,SKU041,222,206,13,96,286,1259346.06
2024-12-01,SKU042,95,68,11,46,117,737306.4
2024-12-01,SKU043,338,353,4,107,193,1261601.9
2024-12-01,SKU044,129,102,10,35,118,128616.87
2024-12-01,SKU045,391,164,9,48,167,710963.12
2024-12-01,SKU046,156,140,4,65,112,739276.2
2024-12-01,SKU047,98,30,7,42,83,600595.94
2024-12-01,SKU048,43,40,8,20,49,154744.96
2024-12-01,SKU049,180,456,12,131,461,951535.8
2024-12-01,SKU050,160,268,8,56,183,555601.6
2024-12-01,SKU051,38,6,4,30,48,106643.96
2024-12-01,SKU052,138,59,5,29,54,145089.06
2024-12-01,SKU053,990,510,7,285,579,7345483.2
2024-12-01,SKU054,101,44,9,47,101,296762.24
2024-12-01,SKU055,147,146,12,109,284,1128788.01
2024-12-01,SKU056,26,9,6,8,23,164221.2
2024-12-01,SKU057,102,184,8,58,124,413403.96
2024-12-01,SKU058,698,362,4,96,187,3267261.22
2024-12-01,SKU059,21,32,12,9,34,59212.86
2024-12-01,SKU060,75,9,7,53,114,273867.0
2024-12-01,SKU061,215,23,10,35,109,1546978.75
2024-12-01,SKU062,467,179,13,123,357,2121945.26
2024-12-01,SKU063,625,20,12,114,334,1518475.0
2024-12-01,SKU064,318,65,3,71,128,1871178.78
2024-12-01,SKU065,90,429,11,72,224,661418.1
2024-12-01,SKU066,132,207,6,56,154,71273.4
2024-12-01,SKU067,51,46,3,17,27,340724.37
2024-12-01,SKU068,354,86,3,57,102,958571.82
2024-12-01,SKU069,509,697,7,220,437,2159020.21
2024-12-01,SKU070,71,362,13,40,198,532808.14
2024-12-01,SKU071,209,102,13,38,131,756998.0
2024-12-01,SKU072,84,119,13,36,136,601482.0
2024-12-01,SKU073,473,385,11,94,417,3393401.33
2024-12-01,SKU074,9,23,8,5,13,24286.05
2024-12-01,SKU075,1504,30,13,256,958,4731358.4
2024-12-01,SKU076,9,33,9,9,24,54338.58
2024-12-01,SKU077,236,125,3,77,106,499734.72
2024-12-01,SKU078,126,35,7,35,72,843081.12
2024-12-01,SKU079,125,44,11,114,302,611902.5
2024-12-01,SKU080,398,643,13,95,353,705403.26
2024-12-01,SKU081,239,318,8,67,183,1859814.35
2024-12-01,SKU082,278,24,6,45,113,379528.38
2024-12-01,SKU083,30,20,11,11,38,38148.6
2024-12-01,SKU084,252,117,12,50,156,300938.4
2024-12-01,SKU085,301,95,9,75,171,1430848.65
2024-12-01,SKU086,33,22,3,37,54,213905.01
2024-12-01,SKU087,442,199,9,68,207,559439.4
2024-12-01,SKU088,266,9,10,48,188,1978670.26
2024-12-01,SKU089,116,152,3,52,79,468237.48
2024-12-01,SKU090,298,392,10,84,212,2281511.84
2024-12-01,SKU091,253,159,7,75,142,111992.98
2024-12-01,SKU092,12,33,6,13,26,61959.72
2024-12-01,SKU093,527,5,11,122,322,1843519.78
2024-12-01,SKU094,16,18,6,5,10,77909.28
2024-12-01,SKU095,406,120,6,96,186,1572117.26
2024-12-01,SKU096,60,56,10,22,63,23294.4
2024-12-01,SKU097,142,258,3,92,139,912396.86
2024-12-01,SKU098,423,231,5,81,169,1845743.58
2024-12-01,SKU099,244,205,7,68,180,1201475.52
2024-12-01,SKU100,456,539,8,140,321,1436368.08
2024-12-01,SKU101,776,492,6,149,308,5411086.8
2024-12-01,SKU102,192,154,10,31,117,416785.92
2024-12-01,SKU103,296,255,8,127,289,1947209.36
2024-12-01,SKU104,107,70,3,43,68,81943.81
2024-12-01,SKU105,394,239,11,109,280,2616613.1
2024-12-01,SKU106,449,133,3,75,149,612889.49
2024-12-01,SKU107,53,136,8,28,77,130198.74
2024-12-01,SKU108,6,27,13,5,19,6870.3
2024-12-01,SKU109,193,53,13,18,98,309469.71
2024-12-01,SKU110,421,379,7,101,271,2034002.56
2024-12-01,SKU111,83,57,3,32,46,225297.69
2024-12-01,SKU112,485,188,6,208,365,3410175.65
2024-12-01,SKU113,108,51,3,53,73,178913.88
2024-12-01,SKU114,168,257,11,55,171,366702.0
2024-12-01,SKU115,355,36,4,67,113,224260.6
2024-12-01,SKU116,41,33,6,23,51,176672.69
2024-12-01,SKU117,197,289,11,55,176,128581.9
2024-12-01,SKU118,69,65,7,14,36,70250.97
2024-12-01,SKU119,340,198,13,75,203,2666167.8
2024-12-01,SKU120,148,91,3,58,94,931060.6
2024-12-01,SKU121,24,18,4,5,10,31026.72
2024-12-01,SKU122,126,139,13,23,97,533638.98
2024-12-01,SKU123,544,81,3,52,99,1759535.36
2024-12-01,SKU124,148,60,3,30,43,342633.32
2024-12-01,SKU125,422,87,8,80,220,1468935.58
2024-12-01,SKU126,304,265,3,115,170,941858.88
2024-12-01,SKU127,137,137,7,105,213,437146.45
2024-12-01,SKU128,456,742,14,147,469,1163160.24
2024-12-01,SKU129,13,20,12,13,35,51701.78
2024-12-01,SKU130,853,114,13,88,407,3752875.86
2024-12-01,SKU131,39,52,8,30,69,252877.56
2024-12-01,SKU132,220,79,3,49,86,1134124.2
2024-12-01,SKU133,552,726,5,191,373,1003889.28
2024-12-01,SKU134,248,223,9,53,144,1716301.36
2024-12-01,SKU135,408,159,11,57,196,402691.92
2024-12-01,SKU136,44,141,9,34,74,39812.08
2024-12-01,SKU137,532,174,13,119,606,4086462.24
2024-12-01,SKU138,128,99,6,44,78,620933.12
2024-12-01,SKU139,427,267,7,87,226,3237390.17
2024-12-01,SKU140,381,752,12,203,527,1837597.29
2024-12-01,SKU141,556,166,6,80,204,877095.56
2024-12-01,SKU142,406,399,8,120,244,1902654.04
2024-12-01,SKU143,149,231,10,88,218,919391.09
2024-12-01,SKU144,118,8,11,28,73,479574.42
2024-12-01,SKU145,863,573,10,122,478,1016562.22
2024-12-01,SKU146,262,238,8,112,228,243591.88
2024-12-01,SKU147,197,213,6,40,116,1231445.03
2024-12-01,SKU148,26,7,12,18,80,73727.94
2024-12-01,SKU149,159,23,4,48,99,373117.35
2024-12-01,SKU150,251,28,8,40,133,674414.41
2024-12-01,SKU151,620,247,13,215,684,4653093.8
2024-12-01,SKU152,373,223,12,51,198,1201332.29
2024-12-01,SKU153,125,78,6,103,184,938135.0
2024-12-01,SKU154,48,65,11,32,79,190325.28
2024-12-01,SKU155,40,72,8,30,82,232505.6
2024-12-01,SKU156,257,204,9,90,245,300229.97
2024-12-01,SKU157,62,18,5,14,26,74083.18
2024-12-01,SKU158,804,666,7,176,339,4476069.0
2024-12-01,SKU159,908,718,12,194,510,6035339.8
2024-12-01,SKU160,212,128,7,21,66,806395.0
2024-12-01,SKU161,526,493,14,48,260,3875525.92
2024-12-01,SKU162,229,151,7,127,320,253516.74
2024-12-01,SKU163,244,304,13,48,205,597870.76
2024-12-01,SKU164,232,11,7,51,119,249342.0
2024-12-01,SKU165,80,172,5,47,105,423077.6
2024-12-01,SKU166,242,58,13,64,265,1742886.42
2024-12-01,SKU167,56,84,5,46,83,76071.52
2024-12-01,SKU168,165,172,8,60,134,294703.2
2024-12-01,SKU169,395,69,8,94,215,209452.7
2024-12-01,SKU170,119,180,12,42,147,77391.65
2024-12-01,SKU171,144,78,7,14,44,302224.32
2024-12-01,SKU172,27,19,5,12,20,18725.85
2024-12-01,SKU173,208,141,5,85,150,1296638.72
2024-12-01,SKU174,570,171,7,183,365,3844279.5
2024-12-01,SKU175,549,435,8,121,254,668769.84
2024-12-01,SKU176,163,56,8,28,65,982109.23
2024-12-01,SKU177,127,89,8,35,91,184518.3
2024-12-01,SKU178,107,277,14,63,198,186829.49
2024-12-01,SKU179,1261,61,12,202,671,9894549.99
2024-12-01,SKU180,1347,337,8,211,535,905695.86
2024-12-01,SKU181,619,788,11,180,590,4396218.47
2024-12-01,SKU182,232,116,13,73,237,369283.68
2024-12-01,SKU183,445,17,5,241,576,3491118.45
2024-12-01,SKU184,58,148,14,43,148,366944.54
2024-12-01,SKU185,298,55,14,43,183,409678.48
2024-12-01,SKU186,593,504,8,123,299,1533148.13
2024-12-01,SKU187,113,391,9,80,220,596816.28
2024-12-01,SKU188,154,331,8,71,198,215661.6
2024-12-01,SKU189,90,60,5,45,74,353232.9
2024-12-01,SKU190,282,143,5,87,151,363562.86
2024-12-01,SKU191,164,42,5,45,78,584865.0
2024-12-01,SKU192,92,3,5,23,41,475490.96
2024-12-01,SKU193,45,147,14,38,141,87147.9
2024-12-01,SKU194,348,344,8,60,178,942060.36
2024-12-01,SKU195,322,507,14,100,371,1263698.66
2024-12-01,SKU196,30,3,5,9,17,140596.5
2024-12-01,SKU197,352,213,13,39,198,1855603.2
2024-12-01,SKU198,256,65,4,74,122,691368.96
2024-12-01,SKU199,182,102,9,86,219,654015.18
2024-12-01,SKU200,28,91,5,24,50,85262.52
2025-01-01,SKU001,558,184,9,144,414,2037430.98
2025-01-01,SKU002,168,413,10,55,229,949972.8
2025-01-01,SKU003,389,199,7,61,139,2391894.87
2025-01-01,SKU004,382,252,12,109,309,474780.16
2025-01-01,SKU005,154,198,10,107,306,1144594.22
2025-01-01,SKU006,336,515,11,96,262,2226470.4
2025-01-01,SKU007,504,223,3,70,122,2292207.12
2025-01-01,SKU008,706,294,10,167,393,4704882.84
2025-01-01,SKU009,259,163,4,69,108,776373.22
2025-01-01,SKU010,37,0,12,18,59,265352.53
2025-01-01,SKU011,437,659,14,107,426,1689918.33
2025-01-01,SKU012,60,18,4,15,27,86744.4
2025-01-01,SKU013,50,224,12,48,150,387410.0
2025-01-01,SKU014,99,209,3,126,174,308984.94
2025-01-01,SKU015,186,92,3,85,135,233781.54
2025-01-01,SKU016,73,171,4,64,105,146624.15
2025-01-01,SKU017,212,82,8,76,162,1421091.12
2025-01-01,SKU018,150,272,4,79,141,400626.0
2025-01-01,SKU019,127,90,5,21,56,413125.92
2025-01-01,SKU020,785,165,11,167,538,4348381.9
2025-01-01,SKU021,116,112,9,47,104,35618.96
2025-01-01,SKU022,342,293,11,67,193,1847685.78
2025-01-01,SKU023,126,315,13,49,176,479631.6
2025-01-01,SKU024,381,33,3,48,90,508036.83
2025-01-01,SKU025,968,203,4,162,295,3776168.0
2025-01-01,SKU026,201,108,14,42,128,1241926.74
2025-01-01,SKU027,99,310,13,54,272,453802.14
2025-01-01,SKU028,323,232,10,128,313,157895.32
2025-01-01,SKU029,673,161,3,83,160,2299035.3
2025-01-01,SKU030,179,46,6,23,60,369282.37
2025-01-01,SKU031,98,64,7,24,68,247484.3
2025-01-01,SKU032,170,9,6,37,104,776390.0
2025-01-01,SKU033,316,175,12,67,195,1074242.0
2025-01-01,SKU034,41,88,12,35,103,63305.64
2025-01-01,SKU035,599,155,10,117,312,3503119.72
2025-01-01,SKU036,216,140,14,94,348,323969.76
2025-01-01,SKU037,906,889,11,211,655,5115710.88
2025-01-01,SKU038,263,300,13,61,187,842365.33
2025-01-01,SKU039,45,5,11,28,92,137432.25
2025-01-01,SKU040,84,25,10,31,99,97822.2
2025-01-01,SKU041,329,151,6,82,167,1866328.17
2025-01-01,SKU042,65,24,12,29,101,504472.8
2025-01-01,SKU043,425,218,11,114,325,1586333.75
2025-01-01,SKU044,193,49,6,36,80,192426.79
2025-01-01,SKU045,125,339,6,101,188,227290.0
2025-01-01,SKU046,110,46,11,45,175,521284.5
2025-01-01,SKU047,191,38,8,31,75,1170549.23
2025-01-01,SKU048,94,55,6,27,50,338279.68
2025-01-01,SKU049,408,532,13,90,467,2156814.48
2025-01-01,SKU050,500,101,11,51,230,1736255.0
2025-01-01,SKU051,132,12,11,15,65,370447.44
2025-01-01,SKU052,153,50,4,31,48,160859.61
2025-01-01,SKU053,387,278,10,191,585,2871416.16
2025-01-01,SKU054,63,83,13,26,94,185109.12
2025-01-01,SKU055,176,294,12,111,311,1351474.08
2025-01-01,SKU056,56,39,6,9,26,353707.2
2025-01-01,SKU057,284,74,4,29,64,1151046.32
2025-01-01,SKU058,593,41,10,71,295,2775767.77
2025-01-01,SKU059,11,1,5,15,25,31016.26
2025-01-01,SKU060,71,220,11,59,146,259260.76
2025-01-01,SKU061,163,234,14,29,134,1172825.75
2025-01-01,SKU062,533,465,13,99,317,2421834.74
2025-01-01,SKU063,145,322,3,130,179,352286.2
2025-01-01,SKU064,434,130,8,86,232,2553747.14
2025-01-01,SKU065,95,43,8,55,169,698163.55
2025-01-01,SKU066,100,99,3,88,141,53995.0
2025-01-01,SKU067,29,98,13,13,71,193745.23
2025-01-01,SKU068,82,74,7,71,177,222042.06
2025-01-01,SKU069,744,364,3,196,291,3155817.36
2025-01-01,SKU070,116,420,11,79,217,870503.44
2025-01-01,SKU071,193,98,6,24,66,699046.0
2025-01-01,SKU072,269,114,4,35,69,1926174.5
2025-01-01,SKU073,586,537,8,199,434,4204087.06
2025-01-01,SKU074,8,17,11,5,11,21587.6
2025-01-01,SKU075,608,915,5,204,459,1912676.8
2025-01-01,SKU076,39,7,9,11,29,235467.18
2025-01-01,SKU077,214,335,11,60,173,453149.28
2025-01-01,SKU078,34,63,3,34,49,227498.08
2025-01-01,SKU079,535,268,3,92,146,2618942.7
2025-01-01,SKU080,525,206,5,117,212,930494.25
2025-01-01,SKU081,272,423,14,72,262,2116608.8
2025-01-01,SKU082,262,314,10,73,184,357685.02
2025-01-01,SKU083,59,11,3,6,12,75025.58
2025-01-01,SKU084,149,235,7,73,141,177935.8
2025-01-01,SKU085,270,196,5,50,104,1283485.5
2025-01-01,SKU086,150,6,7,22,54,972295.5
2025-01-01,SKU087,390,90,12,110,294,493623.0
2025-01-01,SKU088,473,17,8,74,190,3518462.53
2025-01-01,SKU089,87,163,8,60,135,351178.11
2025-01-01,SKU090,301,362,11,74,200,2304480.08
2025-01-01,SKU091,266,99,8,57,130,117747.56
2025-01-01,SKU092,61,21,8,14,37,314961.91
2025-01-01,SKU093,430,39,5,67,152,1504200.2
2025-01-01,SKU094,13,21,10,5,13,63301.29
2025-01-01,SKU095,435,100,11,66,231,1684411.35
2025-01-01,SKU096,80,118,11,19,60,31059.2
2025-01-01,SKU097,428,353,11,101,254,2750041.24
2025-01-01,SKU098,252,156,3,56,107,1099591.92
2025-01-01,SKU099,339,135,6,64,160,1669263.12
2025-01-01,SKU100,655,363,10,80,301,2063204.15
2025-01-01,SKU101,778,993,14,138,534,5425032.9
2025-01-01,SKU102,109,69,7,52,111,236612.84
2025-01-01,SKU103,245,145,3,165,232,1611710.45
2025-01-01,SKU104,136,197,10,58,151,104152.88
2025-01-01,SKU105,517,58,4,56,120,3433474.55
2025-01-01,SKU106,310,88,3,179,249,423153.1
2025-01-01,SKU107,162,118,10,30,91,397965.96
2025-01-01,SKU108,23,18,3,5,10,26336.15
2025-01-01,SKU109,144,129,14,29,114,230899.68
2025-01-01,SKU110,818,523,8,137,331,3952052.48
2025-01-01,SKU111,108,84,4,33,56,293158.44
2025-01-01,SKU112,479,336,11,81,339,3367987.91
2025-01-01,SKU113,50,6,11,31,94,82830.5
2025-01-01,SKU114,124,181,4,74,116,270661.0
2025-01-01,SKU115,363,104,8,41,135,229314.36
2025-01-01,SKU116,114,129,13,22,86,491236.26
2025-01-01,SKU117,323,90,9,52,145,210822.1
2025-01-01,SKU118,27,9,7,12,34,27489.51
2025-01-01,SKU119,172,148,13,35,161,1348767.24
2025-01-01,SKU120,187,1,8,39,134,1176407.65
2025-01-01,SKU121,9,39,13,7,23,11635.02
2025-01-01,SKU122,140,85,5,20,45,592932.2
2025-01-01,SKU123,144,457,12,55,250,465759.36
2025-01-01,SKU124,101,92,10,19,65,233824.09
2025-01-01,SKU125,554,119,3,124,174,1928413.06
2025-01-01,SKU126,228,553,13,69,309,706394.16
2025-01-01,SKU127,223,535,11,113,283,711559.55
2025-01-01,SKU128,553,91,3,115,178,1410586.87
2025-01-01,SKU129,18,31,8,19,44,71587.08
2025-01-01,SKU130,750,179,13,172,473,3299715.0
2025-01-01,SKU131,123,7,14,37,104,797536.92
2025-01-01,SKU132,386,107,13,90,269,1989872.46
2025-01-01,SKU133,535,333,3,141,250,972972.4
2025-01-01,SKU134,175,345,12,77,195,1211099.75
2025-01-01,SKU135,190,290,13,51,225,187528.1
2025-01-01,SKU136,165,97,8,45,93,149295.3
2025-01-01,SKU137,571,390,4,275,427,4386033.72
2025-01-01,SKU138,94,73,9,27,79,455997.76
2025-01-01,SKU139,350,527,11,131,320,2653598.5
2025-01-01,SKU140,154,595,7,165,348,742755.86
2025-01-01,SKU141,526,221,6,108,230,829770.26
2025-01-01,SKU142,532,22,12,76,260,2493132.88
2025-01-01,SKU143,306,44,10,104,235,1888145.46
2025-01-01,SKU144,140,46,6,35,63,568986.6
2025-01-01,SKU145,1220,208,10,116,470,1437086.8
2025-01-01,SKU146,127,196,7,61,160,118076.98
2025-01-01,SKU147,179,184,12,36,174,1118927.21
2025-01-01,SKU148,148,74,10,17,63,419682.12
2025-01-01,SKU149,294,286,9,45,159,689915.1
2025-01-01,SKU150,315,148,12,79,211,846376.65
2025-01-01,SKU151,903,611,8,199,484,6777005.97
2025-01-01,SKU152,430,191,5,46,114,1384913.9
2025-01-01,SKU153,344,242,10,90,206,2581747.52
2025-01-01,SKU154,112,125,9,34,78,444092.32
2025-01-01,SKU155,76,81,14,40,142,441760.64
2025-01-01,SKU156,365,319,9,95,245,426396.65
2025-01-01,SKU157,70,8,10,14,34,83642.3
2025-01-01,SKU158,254,136,7,149,310,1414081.5
2025-01-01,SKU159,476,792,10,149,401,3163900.6
2025-01-01,SKU160,51,101,4,28,51,193991.25
2025-01-01,SKU161,545,82,3,87,138,4015516.4
2025-01-01,SKU162,698,633,14,157,535,772727.88
2025-01-01,SKU163,187,235,7,68,152,458204.23
2025-01-01,SKU164,220,32,3,64,92,236445.0
2025-01-01,SKU165,208,15,6,82,144,1100001.76
2025-01-01,SKU166,318,6,11,48,207,2290239.18
2025-01-01,SKU167,63,152,12,46,135,85580.46
2025-01-01,SKU168,140,78,3,64,92,250051.2
2025-01-01,SKU169,128,86,12,83,252,67873.28
2025-01-01,SKU170,219,65,6,26,79,142426.65
2025-01-01,SKU171,26,147,13,31,83,54568.28
2025-01-01,SKU172,12,7,11,6,28,8322.6
2025-01-01,SKU173,265,233,9,56,177,1651967.6
2025-01-01,SKU174,836,200,7,174,372,5638276.6
2025-01-01,SKU175,525,230,3,129,179,639534.0
2025-01-01,SKU176,89,76,14,33,103,536243.69
2025-01-01,SKU177,170,202,10,45,113,246993.0
2025-01-01,SKU178,299,221,5,70,122,522074.93
2025-01-01,SKU179,521,1078,8,262,558,4088073.39
2025-01-01,SKU180,1181,308,8,301,625,794080.78
2025-01-01,SKU181,295,224,8,268,543,2095128.35
2025-01-01,SKU182,327,462,14,66,269,520498.98
2025-01-01,SKU183,2244,1835,8,398,954,17604651.24
2025-01-01,SKU184,125,33,9,38,90,790828.75
2025-01-01,SKU185,269,107,6,69,124,369810.44
2025-01-01,SKU186,352,286,14,105,433,910064.32
2025-01-01,SKU187,316,221,6,90,176,1668972.96
2025-01-01,SKU188,283,536,11,102,279,396313.2
2025-01-01,SKU189,115,81,5,29,57,451353.15
2025-01-01,SKU190,258,12,8,92,190,332621.34
2025-01-01,SKU191,147,31,11,43,124,524238.75
2025-01-01,SKU192,107,81,7,22,46,553016.66
2025-01-01,SKU193,90,179,12,39,120,174295.8
2025-01-01,SKU194,293,120,9,63,188,793171.51
2025-01-01,SKU195,582,271,4,149,226,2284076.46
2025-01-01,SKU196,18,58,11,9,31,84357.9
2025-01-01,SKU197,248,77,10,61,187,1307356.8
2025-01-01,SKU198,293,164,13,77,213,791293.38
2025-01-01,SKU199,454,229,9,73,199,1631444.46
2025-01-01,SKU200,133,58,10,31,78,404996.97
2025-02-01,SKU001,686,690,9,151,438,2504798.66
2025-02-01,SKU002,455,542,11,153,368,2572843.0
2025-02-01,SKU003,392,283,14,71,230,2410341.36
2025-02-01,SKU004,259,141,9,113,268,321905.92
2025-02-01,SKU005,263,463,8,94,256,1954729.09
2025-02-01,SKU006,293,365,11,85,275,1941535.2
2025-02-01,SKU007,320,5,9,70,227,1455369.6
2025-02-01,SKU008,450,314,14,80,447,2998863.0
2025-02-01,SKU009,321,105,4,37,81,962223.18
2025-02-01,SKU010,115,62,9,22,52,824744.35
2025-02-01,SKU011,715,562,12,132,423,2764969.35
2025-02-01,SKU012,76,12,3,11,20,109876.24
2025-02-01,SKU013,115,167,9,43,123,891043.0
2025-02-01,SKU014,183,26,14,94,358,571153.98
2025-02-01,SKU015,190,638,14,67,339,238809.1
2025-02-01,SKU016,341,270,11,80,192,684915.55
2025-02-01,SKU017,291,111,8,48,143,1950648.66
2025-02-01,SKU018,196,276,9,123,279,523484.64
2025-02-01,SKU019,218,131,14,39,152,709145.28
2025-02-01,SKU020,491,30,5,283,475,2719815.94
2025-02-01,SKU021,100,89,3,40,57,30706.0
2025-02-01,SKU022,123,231,7,69,155,664518.57
2025-02-01,SKU023,145,20,7,42,109,551957.0
2025-02-01,SKU024,241,148,10,70,220,321356.63
2025-02-01,SKU025,448,67,3,196,303,1747648.0
2025-02-01,SKU026,29,162,11,42,104,179183.46
2025-02-01,SKU027,205,215,6,104,211,939691.3
2025-02-01,SKU028,583,312,11,146,372,284993.72
2025-02-01,SKU029,651,305,6,173,349,2223881.1
2025-02-01,SKU030,193,58,13,21,114,398164.79
2025-02-01,SKU031,49,83,3,40,60,123742.15
2025-02-01,SKU032,382,68,14,83,262,1744594.0
2025-02-01,SKU033,385,233,5,74,129,1308807.5
2025-02-01,SKU034,188,31,7,20,61,290279.52
2025-02-01,SKU035,395,233,6,82,207,2310070.6
2025-02-01,SKU036,411,228,8,110,263,616442.46
2025-02-01,SKU037,548,1706,13,321,939,3094271.04
2025-02-01,SKU038,214,201,4,73,113,685422.74
2025-02-01,SKU039,166,63,11,26,91,506972.3
2025-02-01,SKU040,71,103,7,43,92,82683.05
2025-02-01,SKU041,186,33,7,129,247,1055127.78
2025-02-01,SKU042,226,108,9,54,125,1754013.12
2025-02-01,SKU043,589,11,10,120,317,2198471.95
2025-02-01,SKU044,165,7,4,24,54,164509.95
2025-02-01,SKU045,229,577,14,105,322,416395.28
2025-02-01,SKU046,212,277,11,63,205,1004657.4
2025-02-01,SKU047,168,23,7,46,94,1029593.04
2025-02-01,SKU048,46,23,11,16,53,165541.12
2025-02-01,SKU049,267,159,3,126,215,1411444.77
2025-02-01,SKU050,547,381,11,54,245,1899462.97
2025-02-01,SKU051,23,53,7,16,45,64547.66
2025-02-01,SKU052,44,140,12,19,84,46260.28
2025-02-01,SKU053,1142,602,5,139,353,8473274.56
2025-02-01,SKU054,64,177,10,26,92,188047.36
2025-02-01,SKU055,534,327,11,77,255,4100495.22
2025-02-01,SKU056,43,27,13,9,45,271596.6
2025-02-01,SKU057,222,76,13,81,222,899761.56
2025-02-01,SKU058,197,362,5,84,201,922135.33
2025-02-01,SKU059,40,7,14,11,41,112786.4
2025-02-01,SKU060,270,12,8,30,95,985921.2
2025-02-01,SKU061,209,33,4,36,69,1503807.25
2025-02-01,SKU062,245,483,13,130,396,1113226.1
2025-02-01,SKU063,403,231,8,77,224,979112.68
2025-02-01,SKU064,141,427,13,101,363,829673.61
2025-02-01,SKU065,517,244,3,114,165,3799479.53
2025-02-01,SKU066,669,285,5,119,215,361226.55
2025-02-01,SKU067,90,4,3,37,51,601278.3
2025-02-01,SKU068,488,2,9,86,230,1321421.04
2025-02-01,SKU069,809,110,9,241,552,3431527.21
2025-02-01,SKU070,351,18,6,48,136,2634023.34
2025-02-01,SKU071,220,234,8,63,126,796840.0
2025-02-01,SKU072,139,54,11,69,169,995309.5
2025-02-01,SKU073,743,456,6,206,394,5330438.03
2025-02-01,SKU074,28,18,7,5,11,75556.6
2025-02-01,SKU075,1371,975,12,301,997,4312960.35
2025-02-01,SKU076,9,39,11,8,21,54338.58
2025-02-01,SKU077,279,111,3,34,63,590788.08
2025-02-01,SKU078,57,56,13,26,92,381393.84
2025-02-01,SKU079,350,256,13,132,378,1713327.0
2025-02-01,SKU080,730,397,12,101,356,1293830.1
2025-02-01,SKU081,422,8,8,88,208,3283856.3
2025-02-01,SKU082,278,211,9,87,198,379528.38
2025-02-01,SKU083,84,1,3,16,25,106816.08
2025-02-01,SKU084,148,22,12,75,207,176741.6
2025-02-01,SKU085,135,228,7,65,139,641742.75
2025-02-01,SKU086,87,124,9,36,88,563931.39
2025-02-01,SKU087,274,241,4,91,156,346801.8
2025-02-01,SKU088,326,36,3,75,118,2424986.86
2025-02-01,SKU089,370,214,11,36,157,1493516.1
2025-02-01,SKU090,399,207,12,66,224,3054775.92
2025-02-01,SKU091,200,31,5,55,109,88532.0
2025-02-01,SKU092,77,27,10,8,34,397574.87
2025-02-01,SKU093,419,140,8,67,220,1465720.66
2025-02-01,SKU094,4,13,7,5,10,19477.32
2025-02-01,SKU095,538,151,4,79,147,2083248.98
2025-02-01,SKU096,81,94,11,14,51,31447.44
2025-02-01,SKU097,287,48,6,72,181,1844069.71
2025-02-01,SKU098,319,75,6,84,193,1391943.74
2025-02-01,SKU099,513,672,14,139,396,2526053.04
2025-02-01,SKU100,576,40,7,133,299,1814359.68
2025-02-01,SKU101,1032,115,8,132,381,7196187.6
2025-02-01,SKU102,141,144,10,28,121,306077.16
2025-02-01,SKU103,252,69,10,170,406,1657759.32
2025-02-01,SKU104,216,101,10,30,122,165419.28
2025-02-01,SKU105,472,363,6,106,211,3134622.8
2025-02-01,SKU106,316,244,9,150,369,431343.16
2025-02-01,SKU107,239,67,6,32,77,587122.62
2025-02-01,SKU108,30,22,7,8,16,34351.5
2025-02-01,SKU109,106,64,5,47,80,169967.82
2025-02-01,SKU110,918,377,7,173,362,4435188.48
2025-02-01,SKU111,34,127,10,21,75,92290.62
2025-02-01,SKU112,653,547,11,111,419,4591432.37
2025-02-01,SKU113,218,50,8,44,94,361140.98
2025-02-01,SKU114,361,206,8,43,139,787972.75
2025-02-01,SKU115,207,410,12,49,221,130766.04
2025-02-01,SKU116,143,64,4,30,51,616199.87
2025-02-01,SKU117,275,144,14,87,246,179492.5
2025-02-01,SKU118,63,57,10,12,43,64142.19
2025-02-01,SKU119,198,4,4,63,101,1552650.66
2025-02-01,SKU120,445,363,8,93,197,2799472.75
2025-02-01,SKU121,37,9,5,5,11,47832.86
2025-02-01,SKU122,91,32,13,23,104,385405.93
2025-02-01,SKU123,289,78,5,91,175,934753.16
2025-02-01,SKU124,54,75,4,34,55,125014.86
2025-02-01,SKU125,599,24,14,124,385,2085053.11
2025-02-01,SKU126,477,249,11,127,337,1477850.94
2025-02-01,SKU127,281,179,3,86,134,896628.85
2025-02-01,SKU128,741,440,12,97,378,1890135.39
2025-02-01,SKU129,36,102,12,19,55,143174.16
2025-02-01,SKU130,468,246,6,192,349,2059022.16
2025-02-01,SKU131,97,112,13,28,103,628951.88
2025-02-01,SKU132,201,270,5,71,136,1036177.11
2025-02-01,SKU133,1118,824,8,197,521,2033239.52
2025-02-01,SKU134,311,150,5,34,80,2152297.27
2025-02-01,SKU135,100,290,7,92,193,98699.0
2025-02-01,SKU136,205,262,13,50,132,185488.1
2025-02-01,SKU137,945,173,7,265,534,7258847.4
2025-02-01,SKU138,58,64,10,22,82,281360.32
2025-02-01,SKU139,640,154,9,65,253,4852294.4
2025-02-01,SKU140,1005,1,9,152,422,4847205.45
2025-02-01,SKU141,168,293,10,80,311,265021.68
2025-02-01,SKU142,478,169,8,128,268,2240070.52
2025-02-01,SKU143,111,267,11,107,265,684915.51
2025-02-01,SKU144,113,13,8,28,64,459253.47
2025-02-01,SKU145,1190,471,11,308,746,1401748.6
2025-02-01,SKU146,512,74,12,102,297,476026.88
2025-02-01,SKU147,351,251,5,82,148,2194097.49
2025-02-01,SKU148,132,45,4,20,38,374311.08
2025-02-01,SKU149,449,114,11,113,268,1053645.85
2025-02-01,SKU150,344,212,3,86,123,924297.04
2025-02-01,SKU151,1234,433,11,255,709,9261157.66
2025-02-01,SKU152,205,232,12,82,235,660249.65
2025-02-01,SKU153,511,370,11,55,220,3835095.88
2025-02-01,SKU154,195,54,3,28,45,773196.45
2025-02-01,SKU155,237,61,8,44,105,1377595.68
2025-02-01,SKU156,569,79,7,79,225,664711.49
2025-02-01,SKU157,19,35,14,12,43,22702.91
2025-02-01,SKU158,919,15,7,136,322,5116302.75
2025-02-01,SKU159,385,762,14,102,480,2559037.25
2025-02-01,SKU160,112,94,6,50,95,426020.0
2025-02-01,SKU161,146,250,3,107,159,1075716.32
2025-02-01,SKU162,574,680,7,156,371,635452.44
2025-02-01,SKU163,343,133,9,80,191,840449.47
2025-02-01,SKU164,135,98,12,35,155,145091.25
2025-02-01,SKU165,154,94,8,34,122,814424.38
2025-02-01,SKU166,144,52,14,117,347,1037089.44
2025-02-01,SKU167,109,53,3,29,55,148067.78
2025-02-01,SKU168,207,17,4,58,94,369718.56
2025-02-01,SKU169,155,329,8,116,238,82190.3
2025-02-01,SKU170,186,148,6,65,119,120965.1
2025-02-01,SKU171,23,19,5,20,43,48271.94
2025-02-01,SKU172,40,10,4,11,18,27742.0
2025-02-01,SKU173,348,180,6,45,127,2169376.32
2025-02-01,SKU174,721,450,3,146,230,4862676.35
2025-02-01,SKU175,564,233,10,89,263,687042.24
2025-02-01,SKU176,136,51,4,18,38,819428.56
2025-02-01,SKU177,115,183,14,27,126,167083.5
2025-02-01,SKU178,56,60,4,67,106,97779.92
2025-02-01,SKU179,280,377,7,274,554,2197045.2
2025-02-01,SKU180,1303,554,8,166,509,876111.14
2025-02-01,SKU181,921,1227,13,235,745,6541061.73
2025-02-01,SKU182,216,524,12,98,279,343815.84
2025-02-01,SKU183,1351,1109,8,355,957,10598878.71
2025-02-01,SKU184,242,83,7,52,106,1531044.46
2025-02-01,SKU185,299,87,7,47,113,411053.24
2025-02-01,SKU186,460,238,14,138,492,1189288.6
2025-02-01,SKU187,460,204,9,88,250,2429517.6
2025-02-01,SKU188,128,76,5,89,173,179251.2
2025-02-01,SKU189,99,27,9,31,82,388556.19
2025-02-01,SKU190,99,149,5,103,173,127633.77
2025-02-01,SKU191,160,234,11,49,129,570600.0
2025-02-01,SKU192,97,6,3,24,36,501332.86
2025-02-01,SKU193,100,109,9,28,103,193662.0
2025-02-01,SKU194,126,22,6,73,180,341090.82
2025-02-01,SKU195,731,276,4,165,254,2868831.43
2025-02-01,SKU196,21,11,12,6,27,98417.55
2025-02-01,SKU197,359,306,14,91,290,1892504.4
2025-02-01,SKU198,376,259,10,49,177,1015448.16
2025-02-01,SKU199,476,560,12,120,302,1710501.24
2025-02-01,SKU200,151,114,11,19,82,459808.59
2025-03-01,SKU001,549,571,9,221,544,2004569.19
2025-03-01,SKU002,230,341,10,96,322,1300558.0
2025-03-01,SKU003,443,138,3,98,136,2723931.69
2025-03-01,SKU004,376,176,13,114,374,467322.88
2025-03-01,SKU005,320,349,4,183,279,2378377.6
2025-03-01,SKU006,255,628,13,111,346,1689732.0
2025-03-01,SKU007,167,363,5,141,237,759521.01
2025-03-01,SKU008,694,59,4,184,290,4624913.16
2025-03-01,SKU009,333,87,3,51,89,998194.14
2025-03-01,SKU010,43,6,12,10,46,308382.67
2025-03-01,SKU011,610,289,11,160,456,2358924.9
2025-03-01,SKU012,59,57,13,25,77,85298.66
2025-03-01,SKU013,83,75,8,41,128,643100.6
2025-03-01,SKU014,650,677,14,93,371,2028689.0
2025-03-01,SKU015,403,396,9,126,298,506526.67
2025-03-01,SKU016,124,104,13,65,217,249060.2
2025-03-01,SKU017,247,48,9,96,220,1655705.22
2025-03-01,SKU018,586,251,5,76,166,1565112.24
2025-03-01,SKU019,299,88,6,29,80,972635.04
2025-03-01,SKU020,487,36,3,153,274,2697658.58
2025-03-01,SKU021,131,179,8,42,95,40224.86
2025-03-01,SKU022,289,297,9,92,212,1561348.51
2025-03-01,SKU023,130,3,7,82,157,494858.0
2025-03-01,SKU024,310,427,13,81,287,413363.3
2025-03-01,SKU025,298,870,6,225,463,1162498.0
2025-03-01,SKU026,40,20,10,38,101,247149.6
2025-03-01,SKU027,232,96,7,79,220,1063455.52
2025-03-01,SKU028,162,596,10,167,407,79192.08
2025-03-01,SKU029,533,427,4,113,240,1820781.3
2025-03-01,SKU030,79,80,12,29,123,162979.37
2025-03-01,SKU031,203,19,8,26,88,512646.05
2025-03-01,SKU032,339,138,12,81,236,1548213.0
2025-03-01,SKU033,209,20,14,92,267,710495.5
2025-03-01,SKU034,174,4,4,37,62,268662.96
2025-03-01,SKU035,495,388,9,128,330,2894898.6
2025-03-01,SKU036,472,56,13,113,419,707933.92
2025-03-01,SKU037,1199,1019,6,333,645,6770129.52
2025-03-01,SKU038,290,202,11,45,170,928843.9
2025-03-01,SKU039,154,181,13,32,107,470323.7
2025-03-01,SKU040,64,146,13,24,103,74531.2
2025-03-01,SKU041,110,436,11,80,278,624000.3
2025-03-01,SKU042,215,42,3,61,86,1668640.8
2025-03-01,SKU043,428,7,8,80,281,1597531.4
2025-03-01,SKU044,170,125,8,47,119,169495.1
2025-03-01,SKU045,376,215,9,87,241,683688.32
2025-03-01,SKU046,326,226,9,100,223,1544897.7
2025-03-01,SKU047,148,116,3,57,79,907022.44
2025-03-01,SKU048,109,55,7,26,53,392260.48
2025-03-01,SKU049,182,497,12,126,495,962108.42
2025-03-01,SKU050,552,272,6,76,198,1916825.52
2025-03-01,SKU051,156,42,3,28,43,437801.52
2025-03-01,SKU052,78,85,4,27,50,82006.86
2025-03-01,SKU053,1667,1861,13,329,983,12368606.56
2025-03-01,SKU054,189,65,3,29,49,555327.36
2025-03-01,SKU055,304,436,8,102,242,2334364.32
2025-03-01,SKU056,73,58,5,26,44,461082.6
2025-03-01,SKU057,124,84,3,52,82,502569.52
2025-03-01,SKU058,567,324,12,85,386,2654064.63
2025-03-01,SKU059,74,34,3,11,18,208654.84
2025-03-01,SKU060,303,197,13,42,171,1106422.68
2025-03-01,SKU061,225,188,13,33,162,1618931.25
2025-03-01,SKU062,266,161,12,135,405,1208645.48
2025-03-01,SKU063,110,77,14,63,348,267251.6
2025-03-01,SKU064,348,638,14,112,405,2047705.08
2025-03-01,SKU065,634,161,5,132,224,4659323.06
2025-03-01,SKU066,675,355,10,81,277,364466.25
2025-03-01,SKU067,65,89,5,27,51,434256.55
2025-03-01,SKU068,534,565,12,112,316,1445981.22
2025-03-01,SKU069,198,292,3,149,267,839854.62
2025-03-01,SKU070,72,146,7,86,177,540312.48
2025-03-01,SKU071,254,150,6,59,108,919988.0
2025-03-01,SKU072,247,57,7,54,123,1768643.5
2025-03-01,SKU073,876,642,8,116,378,6284607.96
2025-03-01,SKU074,26,2,12,6,20,70159.7
2025-03-01,SKU075,426,214,5,403,720,1340132.1
2025-03-01,SKU076,70,54,12,9,34,422633.4
2025-03-01,SKU077,310,106,13,78,232,656431.2
2025-03-01,SKU078,165,21,10,40,91,1104034.8
2025-03-01,SKU079,515,153,8,73,245,2521038.3
2025-03-01,SKU080,464,348,5,119,234,822379.68
2025-03-01,SKU081,282,69,3,64,114,2194425.3
2025-03-01,SKU082,415,3,8,78,183,566562.15
2025-03-01,SKU083,95,74,11,13,47,120803.9
2025-03-01,SKU084,71,223,10,45,158,84788.2
2025-03-01,SKU085,390,239,6,66,147,1853923.5
2025-03-01,SKU086,70,44,8,37,82,453737.9
2025-03-01,SKU087,286,132,6,124,235,361990.2
2025-03-01,SKU088,360,354,6,83,187,2677899.6
2025-03-01,SKU089,295,171,5,76,136,1190776.35
2025-03-01,SKU090,121,462,14,48,241,926385.68
2025-03-01,SKU091,173,30,4,53,98,76580.18
2025-03-01,SKU092,80,18,3,17,24,413064.8
2025-03-01,SKU093,346,33,12,97,334,1210356.44
2025-03-01,SKU094,16,10,10,5,13,77909.28
2025-03-01,SKU095,156,226,4,129,201,604064.76
2025-03-01,SKU096,107,68,3,28,42,41541.68
2025-03-01,SKU097,604,482,10,86,278,3880899.32
2025-03-01,SKU098,516,419,9,117,286,2251545.36
2025-03-01,SKU099,261,56,3,117,175,1285184.88
2025-03-01,SKU100,615,243,4,182,286,1937206.95
2025-03-01,SKU101,987,290,13,168,613,6882400.35
2025-03-01,SKU102,179,229,10,34,130,388566.04
2025-03-01,SKU103,807,382,4,180,287,5308776.87
2025-03-01,SKU104,156,178,7,44,112,119469.48
2025-03-01,SKU105,642,488,9,104,275,4263618.3
2025-03-01,SKU106,158,459,6,116,272,215671.58
2025-03-01,SKU107,132,17,4,22,52,324268.56
2025-03-01,SKU108,36,11,13,6,21,41221.8
2025-03-01,SKU109,158,13,14,34,146,253348.26
2025-03-01,SKU110,180,520,13,137,525,869644.8
2025-03-01,SKU111,139,8,11,40,105,377305.77
2025-03-01,SKU112,576,102,9,123,374,4050023.04
2025-03-01,SKU113,180,95,7,27,74,298189.8
2025-03-01,SKU114,145,38,8,44,145,316498.75
2025-03-01,SKU115,263,438,9,109,247,166142.36
2025-03-01,SKU116,179,8,5,26,59,771327.11
2025-03-01,SKU117,237,345,13,90,247,154689.9
2025-03-01,SKU118,31,13,7,21,45,31562.03
2025-03-01,SKU119,344,76,6,83,146,2697534.48
2025-03-01,SKU120,287,137,5,76,141,1805502.65
2025-03-01,SKU121,43,9,3,6,10,55589.54
2025-03-01,SKU122,178,36,3,30,52,753870.94
2025-03-01,SKU123,410,235,10,82,264,1326120.4
2025-03-01,SKU124,136,31,7,30,68,314852.24
2025-03-01,SKU125,451,192,3,125,183,1569881.39
2025-03-01,SKU126,411,91,12,129,390,1273368.42
2025-03-01,SKU127,562,91,3,84,136,1793257.7
2025-03-01,SKU128,311,510,9,143,359,793295.69
2025-03-01,SKU129,76,59,5,28,45,302256.56
2025-03-01,SKU130,852,762,7,224,421,3748476.24
2025-03-01,SKU131,152,54,14,44,128,985574.08
2025-03-01,SKU132,449,383,13,124,330,2314644.39
2025-03-01,SKU133,1548,192,9,363,776,2815254.72
2025-03-01,SKU134,285,171,5,77,128,1972362.45
2025-03-01,SKU135,122,346,9,84,218,120412.78
2025-03-01,SKU136,85,52,4,42,64,76909.7
2025-03-01,SKU137,1308,712,7,184,476,10047166.56
2025-03-01,SKU138,60,104,5,47,79,291062.4
2025-03-01,SKU139,624,367,4,114,210,4730987.04
2025-03-01,SKU140,595,559,10,103,414,2869738.55
2025-03-01,SKU141,186,740,13,165,496,293416.86
2025-03-01,SKU142,584,203,7,100,228,2736822.56
2025-03-01,SKU143,123,85,11,97,271,758960.43
2025-03-01,SKU144,45,23,14,21,82,182888.55
2025-03-01,SKU145,709,360,8,302,632,835159.46
2025-03-01,SKU146,390,163,3,96,148,362598.6
2025-03-01,SKU147,443,140,14,91,300,2769188.57
2025-03-01,SKU148,123,27,8,47,95,348789.87
2025-03-01,SKU149,459,82,8,46,169,1077112.35
2025-03-01,SKU150,188,193,9,62,196,505139.08
2025-03-01,SKU151,1310,208,14,150,757,9831536.9
2025-03-01,SKU152,460,9,5,76,148,1481535.8
2025-03-01,SKU153,574,239,14,133,368,4307915.92
2025-03-01,SKU154,212,1,6,18,55,840603.32
2025-03-01,SKU155,216,177,9,45,116,1255530.24
2025-03-01,SKU156,338,29,7,73,212,394854.98
2025-03-01,SKU157,33,31,10,15,42,39431.37
2025-03-01,SKU158,402,2,8,91,313,2238034.5
2025-03-01,SKU159,452,456,12,179,537,3004376.2
2025-03-01,SKU160,195,70,11,43,121,741731.25
2025-03-01,SKU161,186,451,12,107,331,1370433.12
2025-03-01,SKU162,759,881,13,183,621,840258.54
2025-03-01,SKU163,400,182,3,75,115,980116.0
2025-03-01,SKU164,123,297,12,49,190,132194.25
2025-03-01,SKU165,344,123,7,66,158,1819233.68
2025-03-01,SKU166,270,80,5,96,178,1944542.7
2025-03-01,SKU167,113,210,10,42,125,153501.46
2025-03-01,SKU168,217,107,3,37,68,387579.36
2025-03-01,SKU169,383,544,12,125,333,203089.58
2025-03-01,SKU170,319,125,5,29,75,207461.65
2025-03-01,SKU171,53,67,5,17,41,111235.34
2025-03-01,SKU172,21,48,8,9,26,14564.55
2025-03-01,SKU173,232,412,12,88,267,1446250.88
2025-03-01,SKU174,821,528,3,179,281,5537111.35
2025-03-01,SKU175,598,251,13,132,377,728459.68
2025-03-01,SKU176,157,95,6,37,67,945957.97
2025-03-01,SKU177,93,59,6,25,65,135119.7
2025-03-01,SKU178,288,345,10,76,187,502868.16
2025-03-01,SKU179,1614,43,9,195,615,12664396.26
2025-03-01,SKU180,1204,294,12,355,914,809545.52
2025-03-01,SKU181,1351,538,12,175,686,9594977.63
2025-03-01,SKU182,212,351,10,63,230,337448.88
2025-03-01,SKU183,1124,384,6,291,794,8818016.04
2025-03-01,SKU184,58,112,8,35,98,366944.54
2025-03-01,SKU185,197,185,5,80,136,270827.72
2025-03-01,SKU186,985,347,14,211,612,2546628.85
2025-03-01,SKU187,481,220,4,116,186,2540430.36
2025-03-01,SKU188,121,225,3,60,115,169448.4
2025-03-01,SKU189,35,124,7,38,87,137368.35
2025-03-01,SKU190,283,45,11,69,221,364852.09
2025-03-01,SKU191,296,68,12,45,148,1055610.0
2025-03-01,SKU192,49,30,13,21,69,253250.62
2025-03-01,SKU193,193,60,3,39,68,373767.66
2025-03-01,SKU194,351,194,8,60,207,950181.57
2025-03-01,SKU195,436,771,10,152,400,1711095.08
2025-03-01,SKU196,39,58,12,9,35,182775.45
2025-03-01,SKU197,341,100,3,85,132,1797615.6
2025-03-01,SKU198,342,377,10,105,249,923625.72
2025-03-01,SKU199,541,90,12,90,294,1944078.09
2025-03-01,SKU200,144,3,11,35,100,438492.96
2025-04-01,SKU001,1244,1262,14,164,752,4542229.64
2025-04-01,SKU002,706,579,9,84,317,3992147.6
2025-04-01,SKU003,337,47,4,105,160,2072155.71
2025-04-01,SKU004,498,377,5,90,206,618954.24
2025-04-01,SKU005,696,333,11,95,386,5172971.28
2025-04-01,SKU006,460,692,13,113,404,3048144.0
2025-04-01,SKU007,335,202,9,85,291,1523590.05
2025-04-01,SKU008,256,427,3,151,244,1706019.84
2025-04-01,SKU009,278,384,14,36,195,833327.24
2025-04-01,SKU010,89,73,14,25,82,638280.41
2025-04-01,SKU011,853,577,6,198,386,3298627.77
2025-04-01,SKU012,103,60,6,22,46,148911.22
2025-04-01,SKU013,165,89,14,65,214,1278453.0
2025-04-01,SKU014,375,298,8,101,294,1170397.5
2025-04-01,SKU015,481,195,10,148,385,604564.09
2025-04-01,SKU016,348,22,3,56,98,698975.4
2025-04-01,SKU017,510,559,11,119,301,3418662.6
2025-04-01,SKU018,287,24,11,86,330,766531.08
2025-04-01,SKU019,235,184,9,79,169,764445.6
2025-04-01,SKU020,1040,1007,5,296,524,5760913.6
2025-04-01,SKU021,89,68,5,60,98,27328.34
2025-04-01,SKU022,468,312,8,62,182,2528412.12
2025-04-01,SKU023,425,305,6,88,162,1617805.0
2025-04-01,SKU024,177,103,3,134,191,236017.11
2025-04-01,SKU025,292,677,11,166,641,1139092.0
2025-04-01,SKU026,65,33,8,25,80,401618.1
2025-04-01,SKU027,775,125,11,108,380,3552491.5
2025-04-01,SKU028,243,4,3,139,212,118788.12
2025-04-01,SKU029,544,266,11,107,488,1858358.4
2025-04-01,SKU030,271,64,3,45,72,559081.13
2025-04-01,SKU031,75,4,14,28,148,189401.25
2025-04-01,SKU032,355,172,8,113,229,1621285.0
2025-04-01,SKU033,142,65,4,71,135,482729.0
2025-04-01,SKU034,129,86,6,32,77,199181.16
2025-04-01,SKU035,700,499,4,152,261,4093796.0
2025-04-01,SKU036,512,471,13,75,397,767928.32
2025-04-01,SKU037,455,502,7,183,581,2569148.4
2025-04-01,SKU038,146,169,13,81,261,467624.86
2025-04-01,SKU039,71,63,3,42,61,216837.55
2025-04-01,SKU040,205,97,13,66,176,238732.75
2025-04-01,SKU041,737,235,6,126,259,4180802.01
2025-04-01,SKU042,272,38,8,43,113,2111024.64
2025-04-01,SKU043,785,470,13,166,534,2930051.75
2025-04-01,SKU044,191,337,12,63,190,190432.73
2025-04-01,SKU045,98,0,3,71,128,178195.36
2025-04-01,SKU046,129,85,5,120,198,611324.55
2025-04-01,SKU047,162,40,13,39,150,992821.86
2025-04-01,SKU048,90,26,10,28,77,323884.8
2025-04-01,SKU049,806,632,8,177,476,4260765.86
2025-04-01,SKU050,456,87,5,118,235,1583464.56
2025-04-01,SKU051,157,22,3,25,45,440607.94
2025-04-01,SKU052,140,23,4,27,54,147191.8
2025-04-01,SKU053,1876,327,8,403,847,13919319.68
2025-04-01,SKU054,165,132,14,42,156,484809.6
2025-04-01,SKU055,328,1,6,147,267,2518656.24
2025-04-01,SKU056,25,20,12,9,45,157905.0
2025-04-01,SKU057,237,440,14,80,256,960556.26
2025-04-01,SKU058,509,912,10,201,494,2382573.01
2025-04-01,SKU059,114,58,13,13,56,321441.24
2025-04-01,SKU060,285,231,6,59,123,1040694.6
2025-04-01,SKU061,221,327,13,83,220,1590150.25
2025-04-01,SKU062,613,344,5,172,288,2785337.14
2025-04-01,SKU063,733,157,9,161,366,1780867.48
2025-04-01,SKU064,818,415,4,122,218,4813283.78
2025-04-01,SKU065,712,270,5,98,201,5232552.08
2025-04-01,SKU066,774,559,10,70,301,417921.3
2025-04-01,SKU067,140,30,3,24,40,935321.8
2025-04-01,SKU068,368,105,11,146,371,996481.44
2025-04-01,SKU069,346,372,6,203,454,1467624.74
2025-04-01,SKU070,233,355,14,131,385,1748511.22
2025-04-01,SKU071,271,211,8,73,154,981562.0
2025-04-01,SKU072,183,282,12,72,210,1310371.5
2025-04-01,SKU073,758,531,13,155,661,5438051.18
2025-04-01,SKU074,16,32,14,5,19,43175.2
2025-04-01,SKU075,1712,1187,9,559,1218,5385695.2
2025-04-01,SKU076,58,28,12,6,31,350181.96
2025-04-01,SKU077,305,212,5,58,121,645843.6
2025-04-01,SKU078,164,72,8,39,89,1097343.68
2025-04-01,SKU079,489,298,13,146,467,2393762.58
2025-04-01,SKU080,398,158,8,169,397,705403.26
2025-04-01,SKU081,445,290,4,154,236,3462834.25
2025-04-01,SKU082,414,139,14,99,293,565196.94
2025-04-01,SKU083,16,51,13,18,55,20345.92
2025-04-01,SKU084,319,313,13,51,211,380949.8
2025-04-01,SKU085,107,296,8,57,175,508640.55
2025-04-01,SKU086,66,129,7,49,94,427810.02
2025-04-01,SKU087,330,793,14,98,406,417681.0
2025-04-01,SKU088,271,148,4,72,157,2015863.31
2025-04-01,SKU089,160,108,7,38,126,645844.8
2025-04-01,SKU090,94,615,12,123,309,719671.52
2025-04-01,SKU091,187,257,12,70,226,82777.42
2025-04-01,SKU092,104,99,12,26,65,536984.24
2025-04-01,SKU093,633,148,10,115,349,2214322.62
2025-04-01,SKU094,25,30,13,6,17,121733.25
2025-04-01,SKU095,382,174,5,113,218,1479184.22
2025-04-01,SKU096,41,124,6,41,77,15917.84
2025-04-01,SKU097,757,296,4,126,213,4863974.81
2025-04-01,SKU098,725,272,6,78,211,3163508.5
2025-04-01,SKU099,387,37,14,74,390,1905618.96
2025-04-01,SKU100,222,647,7,159,372,699284.46
2025-04-01,SKU101,799,725,13,269,772,5571466.95
2025-04-01,SKU102,87,197,7,81,164,188856.12
2025-04-01,SKU103,740,313,13,160,554,4868023.4
2025-04-01,SKU104,304,392,14,92,265,232812.32
2025-04-01,SKU105,758,376,8,147,321,5033991.7
2025-04-01,SKU106,701,847,11,110,460,956872.01
2025-04-01,SKU107,186,65,14,46,150,456923.88
2025-04-01,SKU108,17,1,7,11,23,19465.85
2025-04-01,SKU109,276,147,9,38,113,442557.72
2025-04-01,SKU110,429,1172,14,124,639,2072653.44
2025-04-01,SKU111,257,40,7,31,83,697608.51
2025-04-01,SKU112,930,92,9,122,422,6539099.7
2025-04-01,SKU113,154,195,14,26,133,255117.94
2025-04-01,SKU114,176,264,10,97,237,384164.0
2025-04-01,SKU115,257,352,7,104,227,162352.04
2025-04-01,SKU116,32,91,7,28,71,137890.88
2025-04-01,SKU117,415,373,13,75,273,270870.5
2025-04-01,SKU118,119,6,8,20,56,121157.47
2025-04-01,SKU119,291,223,10,96,230,2281925.97
2025-04-01,SKU120,386,545,12,123,320,2428306.7
2025-04-01,SKU121,11,3,6,5,13,14220.58
2025-04-01,SKU122,76,45,8,51,110,321877.48
2025-04-01,SKU123,264,559,10,96,299,853892.16
2025-04-01,SKU124,65,111,8,33,85,150480.85
2025-04-01,SKU125,562,349,5,157,280,1956260.18
2025-04-01,SKU126,774,183,14,177,522,2398022.28
2025-04-01,SKU127,284,271,14,129,416,906201.4
2025-04-01,SKU128,621,492,13,225,611,1584040.59
2025-04-01,SKU129,21,23,8,23,52,83518.26
2025-04-01,SKU130,456,363,9,165,462,2006226.72
2025-04-01,SKU131,68,50,11,24,101,440914.72
2025-04-01,SKU132,386,120,5,57,149,1989872.46
2025-04-01,SKU133,758,114,12,243,871,1378529.12
2025-04-01,SKU134,262,36,3,96,132,1813189.34
2025-04-01,SKU135,166,121,3,71,116,163840.34
2025-04-01,SKU136,163,57,3,28,49,147485.66
2025-04-01,SKU137,583,1349,12,163,785,4478209.56
2025-04-01,SKU138,149,339,13,64,171,722804.96
2025-04-01,SKU139,205,413,8,105,313,1554250.55
2025-04-01,SKU140,1307,251,4,166,322,6303778.63
2025-04-01,SKU141,349,385,7,160,357,550550.99
2025-04-01,SKU142,194,153,10,126,348,909149.96
2025-04-01,SKU143,472,39,9,90,257,2912433.52
2025-04-01,SKU144,87,35,7,27,66,353584.53
2025-04-01,SKU145,988,709,13,230,887,1163804.72
2025-04-01,SKU146,622,387,14,97,375,578298.28
2025-04-01,SKU147,359,559,14,127,393,2244105.41
2025-04-01,SKU148,129,115,10,24,89,365804.01
2025-04-01,SKU149,133,182,3,103,158,312104.45
2025-04-01,SKU150,258,23,7,94,209,693222.78
2025-04-01,SKU151,1071,216,8,359,774,8037844.29
2025-04-01,SKU152,405,245,4,122,187,1304395.65
2025-04-01,SKU153,484,441,9,94,259,3632458.72
2025-04-01,SKU154,90,72,4,20,46,356859.9
2025-04-01,SKU155,82,45,8,28,100,476636.48
2025-04-01,SKU156,622,199,13,184,498,726626.62
2025-04-01,SKU157,75,31,7,11,29,89616.75
2025-04-01,SKU158,843,762,6,207,395,4693191.75
2025-04-01,SKU159,523,237,14,196,663,3476302.55
2025-04-01,SKU160,43,45,7,50,110,163561.25
2025-04-01,SKU161,128,75,4,99,184,943093.76
2025-04-01,SKU162,553,607,8,227,530,612204.18
2025-04-01,SKU163,135,20,6,84,176,330789.15
2025-04-01,SKU164,366,203,7,78,170,393358.5
2025-04-01,SKU165,126,7,11,81,236,666347.22
2025-04-01,SKU166,644,262,7,112,250,4638094.44
2025-04-01,SKU167,155,224,7,62,133,210555.1
2025-04-01,SKU168,425,228,7,99,191,759084.0
2025-04-01,SKU169,180,527,9,136,323,95446.8
2025-04-01,SKU170,203,49,5,50,113,132021.05
2025-04-01,SKU171,119,34,11,54,132,249754.82
2025-04-01,SKU172,31,10,6,14,31,21500.05
2025-04-01,SKU173,473,136,9,139,297,2948606.32
2025-04-01,SKU174,851,362,3,128,236,5739441.85
2025-04-01,SKU175,147,242,5,118,232,179069.52
2025-04-01,SKU176,74,48,8,34,93,445865.54
2025-04-01,SKU177,139,203,11,43,135,201953.1
2025-04-01,SKU178,132,251,5,103,171,230481.24
2025-04-01,SKU179,298,12,7,291,651,2338283.82
2025-04-01,SKU180,1482,1476,10,431,975,996467.16
2025-04-01,SKU181,1035,368,8,243,643,7350704.55
2025-04-01,SKU182,383,621,13,125,379,609636.42
2025-04-01,SKU183,2397,182,8,746,1504,18804968.37
2025-04-01,SKU184,178,158,3,59,89,1126140.14
2025-04-01,SKU185,131,104,10,41,165,180093.56
2025-04-01,SKU186,1034,182,9,173,453,2673313.94
2025-04-01,SKU187,176,443,7,152,304,929554.56
2025-04-01,SKU188,665,699,13,119,401,931266.0
2025-04-01,SKU189,31,149,12,30,105,121669.11
2025-04-01,SKU190,350,351,13,54,274,451230.5
2025-04-01,SKU191,88,237,11,36,142,313830.0
2025-04-01,SKU192,129,152,12,25,91,666721.02
2025-04-01,SKU193,290,2,3,77,107,561619.8
2025-04-01,SKU194,487,76,8,145,308,1318343.09
2025-04-01,SKU195,775,931,14,146,527,3041510.75
2025-04-01,SKU196,21,70,14,9,44,98417.55
2025-04-01,SKU197,490,188,8,75,216,2583084.0
2025-04-01,SKU198,496,97,11,109,301,1339527.36
2025-04-01,SKU199,587,215,4,124,200,2109378.63
2025-04-01,SKU200,199,96,5,48,80,605972.91
2025-05-01,SKU001,868,76,11,275,700,3169337.08
2025-05-01,SKU002,400,231,7,175,340,2261840.0
2025-05-01,SKU003,308,200,4,92,150,1893839.64
2025-05-01,SKU004,678,196,9,135,340,842672.64
2025-05-01,SKU005,169,84,13,101,398,1256080.67
2025-05-01,SKU006,742,7,4,104,190,4916788.8
2025-05-01,SKU007,574,782,12,167,439,2610569.22
2025-05-01,SKU008,563,577,12,173,523,3751910.82
2025-05-01,SKU009,154,46,12,88,222,461627.32
2025-05-01,SKU010,53,90,5,22,46,380099.57
2025-05-01,SKU011,752,83,14,122,515,2908051.68
2025-05-01,SKU012,61,61,3,24,35,88190.14
2025-05-01,SKU013,158,61,8,43,125,1224215.6
2025-05-01,SKU014,426,304,9,72,264,1329571.56
2025-05-01,SKU015,366,160,9,71,270,460021.74
2025-05-01,SKU016,425,192,7,105,199,853633.75
2025-05-01,SKU017,375,119,13,90,298,2513722.5
2025-05-01,SKU018,442,147,8,132,297,1180511.28
2025-05-01,SKU019,117,7,10,45,137,380596.32
2025-05-01,SKU020,1083,486,8,325,675,5999105.22
2025-05-01,SKU021,123,197,11,32,122,37768.38
2025-05-01,SKU022,202,341,11,97,246,1091323.18
2025-05-01,SKU023,257,37,10,32,135,978296.2
2025-05-01,SKU024,345,362,13,97,311,460033.35
2025-05-01,SKU025,847,772,4,303,477,3304147.0
2025-05-01,SKU026,136,42,6,40,85,840308.64
2025-05-01,SKU027,614,389,12,68,332,2814490.04
2025-05-01,SKU028,455,166,10,101,358,222422.2
2025-05-01,SKU029,516,644,10,195,518,1762707.6
2025-05-01,SKU030,227,115,4,51,86,468307.81
2025-05-01,SKU031,138,37,10,55,125,348498.3
2025-05-01,SKU032,295,2,3,71,113,1347265.0
2025-05-01,SKU033,261,295,8,74,182,887269.5
2025-05-01,SKU034,75,154,9,49,106,115803.0
2025-05-01,SKU035,349,465,8,190,394,2041049.72
2025-05-01,SKU036,330,635,10,135,378,494953.8
2025-05-01,SKU037,737,831,14,295,1041,4161455.76
2025-05-01,SKU038,111,164,14,48,214,355523.01
2025-05-01,SKU039,95,38,5,25,59,290134.75
2025-05-01,SKU040,188,241,12,55,153,218935.4
2025-05-01,SKU041,327,1,4,58,134,1854982.71
2025-05-01,SKU042,224,150,9,57,141,1738490.88
2025-05-01,SKU043,213,479,6,117,273,795033.15
2025-05-01,SKU044,219,338,13,52,184,218349.57
2025-05-01,SKU045,471,283,9,53,210,856428.72
2025-05-01,SKU046,517,32,14,94,307,2450037.15
2025-05-01,SKU047,120,113,11,48,127,735423.6
2025-05-01,SKU048,83,53,5,15,37,298693.76
2025-05-01,SKU049,407,723,10,199,552,2151528.17
2025-05-01,SKU050,684,96,9,121,309,2375196.84
2025-05-01,SKU051,110,177,11,50,120,308706.2
2025-05-01,SKU052,209,55,3,45,64,219736.33
2025-05-01,SKU053,322,1199,8,206,629,2389136.96
2025-05-01,SKU054,88,163,10,62,140,258565.12
2025-05-01,SKU055,627,146,6,58,170,4814626.41
2025-05-01,SKU056,91,11,9,10,34,574774.2
2025-05-01,SKU057,176,0,8,90,182,713324.48
2025-05-01,SKU058,767,424,5,89,225,3590242.63
2025-05-01,SKU059,60,102,14,18,59,169179.6
2025-05-01,SKU060,308,48,3,44,75,1124680.48
2025-05-01,SKU061,318,155,5,58,106,2288089.5
2025-05-01,SKU062,345,817,11,163,412,1567604.1
2025-05-01,SKU063,158,489,12,95,368,383870.48
2025-05-01,SKU064,521,336,8,91,286,3065673.41
2025-05-01,SKU065,229,216,12,134,357,1682941.61
2025-05-01,SKU066,325,180,8,114,284,175483.75
2025-05-01,SKU067,92,127,13,26,93,614640.04
2025-05-01,SKU068,349,101,8,113,254,945032.67
2025-05-01,SKU069,734,460,11,135,564,3113400.46
2025-05-01,SKU070,221,310,7,82,206,1658459.14
2025-05-01,SKU071,215,18,6,45,105,778730.0
2025-05-01,SKU072,298,11,5,72,128,2133829.0
2025-05-01,SKU073,686,35,4,169,316,4921508.06
2025-05-01,SKU074,31,23,11,8,20,83651.95
2025-05-01,SKU075,974,68,3,506,712,3064057.9
2025-05-01,SKU076,75,15,13,15,53,452821.5
2025-05-01,SKU077,278,279,11,64,216,588670.56
2025-05-01,SKU078,162,132,6,39,74,1083961.44
2025-05-01,SKU079,751,292,4,147,239,3676310.22
2025-05-01,SKU080,862,55,4,155,254,1527782.94
2025-05-01,SKU081,345,149,9,68,225,2684669.25
2025-05-01,SKU082,211,33,12,103,278,288059.31
2025-05-01,SKU083,71,61,9,10,39,90285.02
2025-05-01,SKU084,371,10,3,86,119,443048.2
2025-05-01,SKU085,82,426,10,81,225,389799.3
2025-05-01,SKU086,59,108,5,27,59,382436.23
2025-05-01,SKU087,327,327,11,121,339,413883.9
2025-05-01,SKU088,133,175,13,63,312,989335.13
2025-05-01,SKU089,281,180,13,87,243,1134264.93
2025-05-01,SKU090,498,430,13,61,263,3812727.84
2025-05-01,SKU091,304,107,6,72,149,134568.64
2025-05-01,SKU092,75,108,12,20,56,387248.25
2025-05-01,SKU093,449,408,6,175,311,1570664.86
2025-05-01,SKU094,23,3,9,5,12,111994.59
2025-05-01,SKU095,473,15,14,124,406,1831555.33
2025-05-01,SKU096,127,162,14,31,114,49306.48
2025-05-01,SKU097,685,431,4,151,235,4401351.05
2025-05-01,SKU098,111,49,4,102,187,484344.06
2025-05-01,SKU099,312,339,9,112,288,1536312.96
2025-05-01,SKU100,923,571,6,173,342,2907385.39
2025-05-01,SKU101,785,1140,12,201,607,5473844.25
2025-05-01,SKU102,149,34,4,68,114,323443.24
2025-05-01,SKU103,507,27,11,209,515,3335253.87
2025-05-01,SKU104,172,240,8,46,138,131722.76
2025-05-01,SKU105,251,189,13,118,367,1666928.65
2025-05-01,SKU106,353,445,6,220,405,481848.53
2025-05-01,SKU107,123,19,6,35,86,302159.34
2025-05-01,SKU108,14,16,13,8,24,16030.7
2025-05-01,SKU109,45,55,14,21,116,72156.15
2025-05-01,SKU110,1037,633,8,210,471,5010120.32
2025-05-01,SKU111,143,7,13,20,105,388163.49
2025-05-01,SKU112,179,587,11,110,464,1258600.91
2025-05-01,SKU113,90,15,12,40,130,149094.9
2025-05-01,SKU114,161,1,5,51,116,351422.75
2025-05-01,SKU115,126,296,4,92,157,79596.72
2025-05-01,SKU116,130,240,9,59,128,560181.7
2025-05-01,SKU117,345,268,5,104,170,225181.5
2025-05-01,SKU118,109,90,5,29,47,110976.17
2025-05-01,SKU119,94,4,13,84,244,737116.98
2025-05-01,SKU120,506,48,5,112,190,3183220.7
2025-05-01,SKU121,7,22,7,6,13,9049.46
2025-05-01,SKU122,169,80,3,48,70,715753.87
2025-05-01,SKU123,515,214,8,93,236,1665736.6
2025-05-01,SKU124,95,64,8,33,78,219933.55
2025-05-01,SKU125,302,8,6,115,241,1051228.78
2025-05-01,SKU126,465,643,6,183,328,1440672.3
2025-05-01,SKU127,194,51,5,133,231,619024.9
2025-05-01,SKU128,296,65,3,141,221,755033.84
2025-05-01,SKU129,83,62,3,24,35,330095.98
2025-05-01,SKU130,420,489,5,160,314,1847840.4
2025-05-01,SKU131,128,6,7,28,70,829957.12
2025-05-01,SKU132,203,49,14,89,340,1046487.33
2025-05-01,SKU133,532,1185,9,217,644,967516.48
2025-05-01,SKU134,152,177,6,84,154,1051926.64
2025-05-01,SKU135,324,196,4,61,128,319784.76
2025-05-01,SKU136,125,54,13,22,114,113102.5
2025-05-01,SKU137,1520,108,3,200,343,11675606.4
2025-05-01,SKU138,205,169,12,52,149,994463.2
2025-05-01,SKU139,498,828,12,159,476,3775691.58
2025-05-01,SKU140,781,166,7,184,427,3766833.29
2025-05-01,SKU141,886,583,12,83,389,1397673.86
2025-05-01,SKU142,484,90,11,147,373,2268188.56
2025-05-01,SKU143,145,43,14,135,379,894709.45
2025-05-01,SKU144,83,79,9,22,72,337327.77
2025-05-01,SKU145,287,19,4,206,390,338068.78
2025-05-01,SKU146,354,745,13,158,419,329127.96
2025-05-01,SKU147,248,355,4,112,178,1550245.52
2025-05-01,SKU148,97,96,4,46,72,275061.93
2025-05-01,SKU149,116,120,4,111,179,272211.4
2025-05-01,SKU150,182,57,11,111,268,489017.62
2025-05-01,SKU151,277,922,4,292,483,2078882.23
2025-05-01,SKU152,450,306,9,83,222,1449328.5
2025-05-01,SKU153,518,112,5,63,142,3887631.44
2025-05-01,SKU154,84,126,9,35,91,333069.24
2025-05-01,SKU155,226,20,9,42,119,1313656.64
2025-05-01,SKU156,452,463,5,175,292,528030.92
2025-05-01,SKU157,16,6,8,18,40,19118.24
2025-05-01,SKU158,497,674,7,176,387,2766923.25
2025-05-01,SKU159,885,529,13,132,540,5882462.25
2025-05-01,SKU160,102,82,6,58,103,387982.5
2025-05-01,SKU161,439,25,13,136,405,3234516.88
2025-05-01,SKU162,810,979,14,114,625,896718.6
2025-05-01,SKU163,416,277,13,69,263,1019320.64
2025-05-01,SKU164,267,32,6,68,142,286958.25
2025-05-01,SKU165,91,151,11,50,194,481250.77
2025-05-01,SKU166,468,375,6,76,194,3370540.68
2025-05-01,SKU167,276,132,5,52,104,374923.92
2025-05-01,SKU168,300,66,5,88,145,535824.0
2025-05-01,SKU169,674,350,6,158,278,357395.24
2025-05-01,SKU170,303,139,4,37,82,197056.05
2025-05-01,SKU171,98,138,13,24,103,205680.44
2025-05-01,SKU172,32,45,10,18,41,22193.6
2025-05-01,SKU173,444,544,11,101,277,2767824.96
2025-05-01,SKU174,900,360,7,268,506,6069915.0
2025-05-01,SKU175,407,27,13,150,448,495791.12
2025-05-01,SKU176,47,3,11,44,105,283184.87
2025-05-01,SKU177,172,52,8,29,95,249898.8
2025-05-01,SKU178,189,113,14,44,226,330007.23
2025-05-01,SKU179,521,277,3,330,477,4088073.39
2025-05-01,SKU180,1213,1050,11,192,762,815596.94
2025-05-01,SKU181,654,1250,10,229,705,4644793.02
2025-05-01,SKU182,207,64,3,114,168,329490.18
2025-05-01,SKU183,1769,85,10,488,1390,13878176.49
2025-05-01,SKU184,143,33,4,28,64,904708.09
2025-05-01,SKU185,155,476,13,79,257,213087.8
2025-05-01,SKU186,671,542,9,171,457,1734810.11
2025-05-01,SKU187,284,156,5,100,195,1499963.04
2025-05-01,SKU188,170,45,10,113,316,238068.0
2025-05-01,SKU189,193,12,4,25,51,757488.33
2025-05-01,SKU190,306,268,11,71,234,394504.38
2025-05-01,SKU191,194,77,13,68,179,691852.5
2025-05-01,SKU192,54,143,12,28,88,279092.52
2025-05-01,SKU193,274,125,6,74,131,530633.88
2025-05-01,SKU194,216,244,6,69,187,584727.12
2025-05-01,SKU195,658,347,10,81,330,2582340.74
2025-05-01,SKU196,21,51,13,7,35,98417.55
2025-05-01,SKU197,306,46,14,121,341,1613109.6
2025-05-01,SKU198,384,105,3,68,115,1037053.44
2025-05-01,SKU199,487,633,14,71,330,1750029.63
2025-05-01,SKU200,100,4,3,18,34,304509.0
2025-06-01,SKU001,406,297,3,126,239,1482431.86
2025-06-01,SKU002,606,130,10,89,336,3426687.6
2025-06-01,SKU003,241,92,6,39,117,1481868.03
2025-06-01,SKU004,147,692,11,162,401,182703.36
2025-06-01,SKU005,699,474,6,169,316,5195268.57
2025-06-01,SKU006,509,111,8,174,349,3372837.6
2025-06-01,SKU007,519,600,11,76,322,2360427.57
2025-06-01,SKU008,903,398,4,148,264,6017718.42
2025-06-01,SKU009,263,120,3,79,116,788363.54
2025-06-01,SKU010,36,6,10,18,59,258180.84
2025-06-01,SKU011,735,114,3,155,236,2842311.15
2025-06-01,SKU012,62,73,3,24,37,89635.88
2025-06-01,SKU013,177,207,7,44,121,1371431.4
2025-06-01,SKU014,236,52,10,72,297,736570.16
2025-06-01,SKU015,324,115,8,130,299,407232.36
2025-06-01,SKU016,123,148,6,79,147,247051.65
2025-06-01,SKU017,443,222,5,53,131,2969544.18
2025-06-01,SKU018,568,78,11,69,277,1517037.12
2025-06-01,SKU019,305,167,7,67,131,992152.8
2025-06-01,SKU020,1031,884,6,265,511,5711059.54
2025-06-01,SKU021,248,70,4,37,66,76150.88
2025-06-01,SKU022,97,172,10,73,205,524051.23
2025-06-01,SKU023,201,180,3,73,108,765126.6
2025-06-01,SKU024,536,132,6,137,240,714718.48
2025-06-01,SKU025,1181,324,6,170,407,4607081.0
2025-06-01,SKU026,75,119,10,41,112,463405.5
2025-06-01,SKU027,534,9,6,144,268,2447781.24
2025-06-01,SKU028,435,276,12,103,399,212645.4
2025-06-01,SKU029,338,257,8,179,457,1154641.8
2025-06-01,SKU030,265,76,3,30,54,546702.95
2025-06-01,SKU031,100,6,14,36,131,252535.0
2025-06-01,SKU032,129,410,12,93,268,589143.0
2025-06-01,SKU033,380,79,12,44,216,1291810.0
2025-06-01,SKU034,50,112,6,50,91,77202.0
2025-06-01,SKU035,621,356,5,173,302,3631781.88
2025-06-01,SKU036,348,375,9,84,303,521951.28
2025-06-01,SKU037,338,638,10,391,928,1908510.24
2025-06-01,SKU038,367,137,8,90,187,1175467.97
2025-06-01,SKU039,231,38,9,40,103,705485.55
2025-06-01,SKU040,152,208,13,56,160,177011.6
2025-06-01,SKU041,476,429,11,75,290,2700219.48
2025-06-01,SKU042,117,126,4,38,75,908051.04
2025-06-01,SKU043,490,465,5,195,326,1828949.5
2025-06-01,SKU044,54,239,9,47,128,53839.62
2025-06-01,SKU045,496,303,8,128,265,901886.72
2025-06-01,SKU046,321,297,13,81,277,1521202.95
2025-06-01,SKU047,53,162,6,43,85,324812.09
2025-06-01,SKU048,121,92,13,32,84,435445.12
2025-06-01,SKU049,720,860,12,252,672,3806143.2
2025-06-01,SKU050,370,439,14,151,440,1284828.7
2025-06-01,SKU051,92,34,3,34,52,258190.64
2025-06-01,SKU052,174,24,11,36,103,182938.38
2025-06-01,SKU053,733,760,9,327,810,5438625.44
2025-06-01,SKU054,104,191,6,52,100,305576.96
2025-06-01,SKU055,92,620,12,107,327,706452.36
2025-06-01,SKU056,108,15,4,14,26,682149.6
2025-06-01,SKU057,81,14,3,43,74,328291.38
2025-06-01,SKU058,423,1,5,139,278,1980016.47
2025-06-01,SKU059,38,52,7,16,33,107147.08
2025-06-01,SKU060,273,36,10,74,168,996875.88
2025-06-01,SKU061,243,121,8,50,120,1748445.75
2025-06-01,SKU062,738,494,11,109,364,3353309.64
2025-06-01,SKU063,328,120,6,135,266,796895.68
2025-06-01,SKU064,474,15,14,170,481,2789115.54
2025-06-01,SKU065,150,92,4,58,132,1102363.5
2025-06-01,SKU066,539,61,5,104,209,291033.05
2025-06-01,SKU067,33,75,14,17,82,220468.71
2025-06-01,SKU068,450,150,6,92,205,1218523.5
2025-06-01,SKU069,1267,331,6,193,419,5374221.23
2025-06-01,SKU070,266,22,10,94,243,1996154.44
2025-06-01,SKU071,218,71,4,76,118,789596.0
2025-06-01,SKU072,331,181,6,58,123,2370125.5
2025-06-01,SKU073,568,47,13,188,675,4074951.28
2025-06-01,SKU074,31,7,13,8,23,83651.95
2025-06-01,SKU075,1850,1498,13,519,1393,5819822.5
2025-06-01,SKU076,42,33,9,11,31,253580.04
2025-06-01,SKU077,150,203,12,58,207,317628.0
2025-06-01,SKU078,112,35,13,26,95,749405.44
2025-06-01,SKU079,239,211,8,130,316,1169957.58
2025-06-01,SKU080,172,185,3,83,158,304847.64
2025-06-01,SKU081,312,2,3,59,112,2427874.8
2025-06-01,SKU082,119,509,14,56,264,162459.99
2025-06-01,SKU083,69,19,10,16,50,87741.78
2025-06-01,SKU084,283,193,8,66,152,337958.6
2025-06-01,SKU085,469,37,11,111,265,2229461.85
2025-06-01,SKU086,37,40,7,26,70,239832.89
2025-06-01,SKU087,584,298,14,63,334,739168.8
2025-06-01,SKU088,566,322,10,87,271,4210253.26
2025-06-01,SKU089,184,358,13,64,212,742721.52
2025-06-01,SKU090,495,248,14,113,324,3789759.6
2025-06-01,SKU091,224,0,12,40,178,99155.84
2025-06-01,SKU092,71,75,12,17,51,366595.01
2025-06-01,SKU093,412,371,13,157,438,1441233.68
2025-06-01,SKU094,27,3,3,5,10,131471.91
2025-06-01,SKU095,555,387,10,147,347,2149076.55
2025-06-01,SKU096,175,37,6,37,69,67942.0
2025-06-01,SKU097,666,484,12,135,392,4279269.78
2025-06-01,SKU098,654,309,7,70,214,2853702.84
2025-06-01,SKU099,367,278,11,157,376,1807137.36
2025-06-01,SKU100,147,667,9,120,366,463039.71
2025-06-01,SKU101,475,330,9,109,434,3312198.75
2025-06-01,SKU102,301,263,6,69,136,653398.76
2025-06-01,SKU103,877,607,13,209,577,5769265.57
2025-06-01,SKU104,123,32,14,64,225,94197.09
2025-06-01,SKU105,181,353,13,96,372,1202048.15
2025-06-01,SKU106,198,58,3,187,269,270271.98
2025-06-01,SKU107,42,96,3,31,56,103176.36
2025-06-01,SKU108,36,13,6,9,17,41221.8
2025-06-01,SKU109,178,71,3,56,77,285417.66
2025-06-01,SKU110,890,351,10,108,454,4299910.4
2025-06-01,SKU111,77,83,9,24,85,209011.11
2025-06-01,SKU112,886,164,7,141,354,6229722.94
2025-06-01,SKU113,168,156,10,34,107,278310.48
2025-06-01,SKU114,459,240,8,45,152,1001882.25
2025-06-01,SKU115,301,208,5,97,173,190147.72
2025-06-01,SKU116,113,114,12,24,103,486927.17
2025-06-01,SKU117,362,212,13,50,210,236277.4
2025-06-01,SKU118,60,115,9,25,64,61087.8
2025-06-01,SKU119,87,309,5,100,162,682225.29
2025-06-01,SKU120,433,176,5,60,133,2723981.35
2025-06-01,SKU121,12,27,14,9,28,15513.36
2025-06-01,SKU122,58,133,13,54,151,245643.34
2025-06-01,SKU123,623,377,8,98,247,2015056.12
2025-06-01,SKU124,106,53,4,31,54,245399.54
2025-06-01,SKU125,532,558,9,128,325,1851833.48
2025-06-01,SKU126,598,55,3,189,260,1852735.56
2025-06-01,SKU127,225,512,12,98,331,717941.25
2025-06-01,SKU128,136,130,5,118,254,346907.44
2025-06-01,SKU129,64,1,11,25,60,254531.84
2025-06-01,SKU130,788,327,5,156,303,3466900.56
2025-06-01,SKU131,116,166,13,29,114,752148.64
2025-06-01,SKU132,312,71,12,72,277,1608394.32
2025-06-01,SKU133,525,970,14,240,929,954786.0
2025-06-01,SKU134,112,13,3,43,77,775103.84
2025-06-01,SKU135,465,240,9,68,213,458950.35
2025-06-01,SKU136,174,162,14,55,155,157438.68
2025-06-01,SKU137,360,668,4,363,548,2765275.2
2025-06-01,SKU138,158,109,4,46,72,766464.32
2025-06-01,SKU139,680,452,8,160,368,5155562.8
2025-06-01,SKU140,416,360,8,200,473,2006405.44
2025-06-01,SKU141,466,27,14,85,433,735119.66
2025-06-01,SKU142,551,391,6,106,230,2582173.34
2025-06-01,SKU143,145,350,11,78,269,894709.45
2025-06-01,SKU144,118,15,12,15,69,479574.42
2025-06-01,SKU145,542,1729,14,278,926,638443.48
2025-06-01,SKU146,499,193,6,135,246,463940.26
2025-06-01,SKU147,83,419,11,84,249,518832.17
2025-06-01,SKU148,106,5,14,31,115,300583.14
2025-06-01,SKU149,388,175,10,95,270,910500.2
2025-06-01,SKU150,96,158,13,45,234,257943.36
2025-06-01,SKU151,1653,891,13,149,764,12405748.47
2025-06-01,SKU152,463,176,11,72,230,1491197.99
2025-06-01,SKU153,486,186,5,83,165,3647468.88
2025-06-01,SKU154,230,49,7,45,94,911975.3
2025-06-01,SKU155,109,23,3,46,69,633577.76
2025-06-01,SKU156,238,501,10,139,356,278033.98
2025-06-01,SKU157,49,27,3,13,21,58549.61
2025-06-01,SKU158,391,427,5,183,340,2176794.75
2025-06-01,SKU159,180,317,4,183,307,1196433.0
2025-06-01,SKU160,51,152,12,50,128,193991.25
2025-06-01,SKU161,585,655,12,122,368,4310233.2
2025-06-01,SKU162,1030,613,12,127,556,1140271.8
2025-06-01,SKU163,391,251,9,43,162,958063.39
2025-06-01,SKU164,407,276,13,54,209,437423.25
2025-06-01,SKU165,207,46,9,101,221,1094713.29
2025-06-01,SKU166,376,15,5,143,240,2707955.76
2025-06-01,SKU167,268,121,4,73,111,364056.56
2025-06-01,SKU168,182,76,12,46,179,325066.56
2025-06-01,SKU169,433,256,4,94,169,229602.58
2025-06-01,SKU170,291,3,7,50,124,189251.85
2025-06-01,SKU171,156,91,4,40,62,327409.68
2025-06-01,SKU172,71,34,7,10,26,49242.05
2025-06-01,SKU173,344,45,7,129,245,2144440.96
2025-06-01,SKU174,307,192,9,268,579,2070515.45
2025-06-01,SKU175,261,429,9,62,238,317939.76
2025-06-01,SKU176,127,92,8,21,64,765201.67
2025-06-01,SKU177,177,0,13,43,153,257163.3
2025-06-01,SKU178,72,74,3,48,84,125717.04
2025-06-01,SKU179,523,161,5,175,405,4103766.57
2025-06-01,SKU180,850,635,3,204,353,571523.0
2025-06-01,SKU181,977,1203,13,355,974,6938781.01
2025-06-01,SKU182,301,563,11,93,289,479113.74
2025-06-01,SKU183,2585,2823,14,286,1511,20279867.85
2025-06-01,SKU184,61,80,5,38,81,385924.43
2025-06-01,SKU185,329,54,4,36,83,452296.04
2025-06-01,SKU186,237,405,6,213,392,612742.17
2025-06-01,SKU187,567,201,7,145,291,2994644.52
2025-06-01,SKU188,142,166,9,143,330,198856.8
2025-06-01,SKU189,200,69,8,33,83,784962.0
2025-06-01,SKU190,114,427,7,120,227,146972.22
2025-06-01,SKU191,148,101,8,66,139,527805.0
2025-06-01,SKU192,145,51,7,29,59,749415.1
2025-06-01,SKU193,150,65,10,44,148,290493.0
2025-06-01,SKU194,194,391,14,124,380,525171.58
2025-06-01,SKU195,297,321,3,131,208,1165585.41
2025-06-01,SKU196,42,96,14,14,49,196835.1
2025-06-01,SKU197,285,438,14,54,289,1502406.0
2025-06-01,SKU198,475,86,6,51,138,1282813.5
2025-06-01,SKU199,306,152,5,104,196,1099607.94
2025-06-01,SKU200,190,108,10,29,92,578567.1
2025-07-01,SKU001,1121,404,4,214,376,4093118.51
2025-07-01,SKU002,774,228,7,193,363,4376660.4
2025-07-01,SKU003,280,295,11,101,272,1721672.4
2025-07-01,SKU004,393,394,9,86,278,488451.84
2025-07-01,SKU005,509,198,13,197,540,3783106.87
2025-07-01,SKU006,428,321,14,101,400,2836099.2
2025-07-01,SKU007,643,313,11,147,400,2924383.29
2025-07-01,SKU008,538,374,4,169,291,3585307.32
2025-07-01,SKU009,229,57,4,49,98,686445.82
2025-07-01,SKU010,69,83,5,32,52,494846.61
2025-07-01,SKU011,214,218,7,103,309,827557.26
2025-07-01,SKU012,128,164,14,27,84,185054.72
2025-07-01,SKU013,332,189,6,35,97,2572402.4
2025-07-01,SKU014,345,450,14,94,395,1076765.7
2025-07-01,SKU015,420,423,10,125,343,527893.8
2025-07-01,SKU016,269,1,3,50,86,540299.95
2025-07-01,SKU017,143,61,13,60,248,958566.18
2025-07-01,SKU018,631,96,4,62,144,1685300.04
2025-07-01,SKU019,317,309,11,69,174,1031188.32
2025-07-01,SKU020,568,558,5,194,415,3146345.12
2025-07-01,SKU021,286,38,8,64,132,87819.16
2025-07-01,SKU022,83,171,5,79,152,448414.97
2025-07-01,SKU023,290,166,12,78,210,1103914.0
2025-07-01,SKU024,429,261,12,125,340,572041.47
2025-07-01,SKU025,365,573,7,171,461,1423865.0
2025-07-01,SKU026,172,248,13,52,138,1062743.28
2025-07-01,SKU027,281,658,11,117,351,1288064.66
2025-07-01,SKU028,823,18,6,125,268,402315.32
2025-07-01,SKU029,242,99,7,147,378,826696.2
2025-07-01,SKU030,286,63,13,43,150,590026.58
2025-07-01,SKU031,59,152,10,49,130,148995.65
2025-07-01,SKU032,408,231,13,63,259,1863336.0
2025-07-01,SKU033,332,299,7,76,166,1128634.0
2025-07-01,SKU034,137,205,13,22,113,211533.48
2025-07-01,SKU035,830,605,10,91,331,4854072.4
2025-07-01,SKU036,687,362,4,183,276,1030403.82
2025-07-01,SKU037,749,612,10,354,907,4229213.52
2025-07-01,SKU038,346,93,9,60,177,1108206.86
2025-07-01,SKU039,122,64,4,43,65,372594.1
2025-07-01,SKU040,145,53,3,31,54,168859.75
2025-07-01,SKU041,620,70,14,145,424,3517092.6
2025-07-01,SKU042,186,40,8,37,106,1443568.32
2025-07-01,SKU043,565,297,12,176,505,2108890.75
2025-07-01,SKU044,268,105,7,39,101,267204.04
2025-07-01,SKU045,352,159,6,58,168,640048.64
2025-07-01,SKU046,125,316,3,126,176,592368.75
2025-07-01,SKU047,70,198,10,49,124,428997.1
2025-07-01,SKU048,55,78,5,22,43,197929.6
2025-07-01,SKU049,1119,127,5,195,372,5915380.89
2025-07-01,SKU050,202,220,7,106,249,701447.02
2025-07-01,SKU051,196,125,12,46,116,550058.32
2025-07-01,SKU052,97,190,10,49,112,101982.89
2025-07-01,SKU053,1473,283,14,385,1096,10929188.64
2025-07-01,SKU054,241,49,10,30,115,708115.84
2025-07-01,SKU055,184,397,5,117,213,1412904.72
2025-07-01,SKU056,67,4,5,16,32,423185.4
2025-07-01,SKU057,251,36,4,58,103,1017297.98
2025-07-01,SKU058,411,622,9,141,402,1923845.79
2025-07-01,SKU059,52,67,8,20,41,146622.32
2025-07-01,SKU060,224,354,13,51,185,817949.44
2025-07-01,SKU061,203,103,11,62,168,1460635.75
2025-07-01,SKU062,340,9,13,80,390,1544885.2
2025-07-01,SKU063,312,351,9,86,272,758022.72
2025-07-01,SKU064,299,58,13,125,426,1759378.79
2025-07-01,SKU065,362,90,3,111,168,2660370.58
2025-07-01,SKU066,291,77,5,101,208,157125.45
2025-07-01,SKU067,184,39,7,32,69,1229280.08
2025-07-01,SKU068,430,27,8,92,250,1164366.9
2025-07-01,SKU069,1173,83,5,298,497,4975502.37
2025-07-01,SKU070,261,26,7,111,224,1958632.74
2025-07-01,SKU071,181,239,10,67,154,655582.0
2025-07-01,SKU072,113,143,5,35,92,809136.5
2025-07-01,SKU073,233,1043,13,130,620,1671590.93
2025-07-01,SKU074,5,9,13,7,20,13492.25
2025-07-01,SKU075,1573,865,4,346,614,4948422.05
2025-07-01,SKU076,31,35,3,16,22,187166.22
2025-07-01,SKU077,154,113,5,104,170,326098.08
2025-07-01,SKU078,210,125,11,45,111,1405135.2
2025-07-01,SKU079,471,506,11,185,451,2305648.62
2025-07-01,SKU080,458,695,10,165,434,811745.46
2025-07-01,SKU081,444,627,13,101,320,3455052.6
2025-07-01,SKU082,215,185,7,44,141,293520.15
2025-07-01,SKU083,66,17,5,10,26,83926.92
2025-07-01,SKU084,221,256,6,98,177,263918.2
2025-07-01,SKU085,474,25,7,84,186,2253230.1
2025-07-01,SKU086,192,136,11,47,118,1244538.24
2025-07-01,SKU087,164,119,11,153,366,207574.8
2025-07-01,SKU088,662,114,6,104,221,4924359.82
2025-07-01,SKU089,172,38,4,71,117,694283.16
2025-07-01,SKU090,171,242,3,73,123,1309189.68
2025-07-01,SKU091,425,282,11,46,184,188130.5
2025-07-01,SKU092,82,84,9,23,51,423391.42
2025-07-01,SKU093,472,585,13,91,390,1651122.08
2025-07-01,SKU094,24,2,5,5,10,116863.92
2025-07-01,SKU095,310,551,14,108,396,1200385.1
2025-07-01,SKU096,119,23,4,36,55,46200.56
2025-07-01,SKU097,270,155,7,73,206,1734839.1
2025-07-01,SKU098,529,21,11,162,393,2308270.34
2025-07-01,SKU099,175,108,7,119,268,861714.0
2025-07-01,SKU100,838,142,3,202,281,2639641.34
2025-07-01,SKU101,853,513,5,104,277,5948011.65
2025-07-01,SKU102,118,313,11,45,168,256149.68
2025-07-01,SKU103,881,196,3,126,206,5795579.21
2025-07-01,SKU104,213,75,14,58,214,163121.79
2025-07-01,SKU105,543,454,13,63,294,3606144.45
2025-07-01,SKU106,559,515,4,134,261,763040.59
2025-07-01,SKU107,126,25,7,51,112,309529.08
2025-07-01,SKU108,21,8,14,5,25,24046.05
2025-07-01,SKU109,160,174,11,49,119,256555.2
2025-07-01,SKU110,436,816,13,210,635,2106472.96
2025-07-01,SKU111,112,103,4,43,67,304016.16
2025-07-01,SKU112,503,1012,13,108,526,3536738.87
2025-07-01,SKU113,54,16,9,40,112,89456.94
2025-07-01,SKU114,300,310,10,98,232,654825.0
2025-07-01,SKU115,367,411,9,64,217,231841.24
2025-07-01,SKU116,98,119,12,23,93,422290.82
2025-07-01,SKU117,391,35,6,58,144,255205.7
2025-07-01,SKU118,114,26,4,20,36,116066.82
2025-07-01,SKU119,210,23,4,50,97,1646750.7
2025-07-01,SKU120,412,502,10,117,267,2591871.4
2025-07-01,SKU121,26,12,7,5,14,33612.28
2025-07-01,SKU122,223,116,13,38,140,944456.29
2025-07-01,SKU123,515,466,8,146,300,1665736.6
2025-07-01,SKU124,46,203,14,27,113,106494.14
2025-07-01,SKU125,406,301,3,117,183,1413241.34
2025-07-01,SKU126,550,174,13,120,423,1704021.0
2025-07-01,SKU127,504,189,9,99,270,1608188.4
2025-07-01,SKU128,858,1082,13,196,551,2188577.82
2025-07-01,SKU129,90,101,10,27,64,357935.4
2025-07-01,SKU130,818,216,13,105,492,3598889.16
2025-07-01,SKU131,223,135,7,24,73,1445940.92
2025-07-01,SKU132,322,562,11,93,285,1659945.42
2025-07-01,SKU133,1368,111,8,226,610,2487899.52
2025-07-01,SKU134,244,87,8,49,133,1688619.08
2025-07-01,SKU135,431,343,8,80,202,425392.69
2025-07-01,SKU136,218,51,6,23,63,197250.76
2025-07-01,SKU137,880,1238,9,226,665,6759561.6
2025-07-01,SKU138,145,112,9,23,92,703400.8
2025-07-01,SKU139,834,375,7,163,346,6323146.14
2025-07-01,SKU140,1267,582,5,263,444,6110855.03
2025-07-01,SKU141,542,272,4,121,228,855010.42
2025-07-01,SKU142,181,439,8,92,261,848227.54
2025-07-01,SKU143,478,59,10,55,215,2949455.98
2025-07-01,SKU144,177,23,5,24,49,719361.63
2025-07-01,SKU145,810,288,5,172,416,954131.4
2025-07-01,SKU146,298,460,7,123,260,277062.52
2025-07-01,SKU147,265,183,14,52,288,1656512.35
2025-07-01,SKU148,111,132,13,46,121,314761.59
2025-07-01,SKU149,410,48,5,89,175,962126.5
2025-07-01,SKU150,492,604,14,89,322,1321959.72
2025-07-01,SKU151,982,395,8,336,707,7369900.18
2025-07-01,SKU152,375,211,4,93,155,1207773.75
2025-07-01,SKU153,250,399,9,120,264,1876270.0
2025-07-01,SKU154,148,60,8,36,84,586836.28
2025-07-01,SKU155,227,185,14,57,185,1319469.28
2025-07-01,SKU156,435,169,9,141,350,508171.35
2025-07-01,SKU157,19,50,10,19,45,22702.91
2025-07-01,SKU158,495,436,13,168,569,2755788.75
2025-07-01,SKU159,943,632,14,141,566,6267979.55
2025-07-01,SKU160,88,52,4,42,73,334730.0
2025-07-01,SKU161,277,127,4,152,233,2040913.84
2025-07-01,SKU162,675,331,3,191,300,747265.5
2025-07-01,SKU163,301,134,3,92,135,737537.29
2025-07-01,SKU164,302,93,4,86,136,324574.5
2025-07-01,SKU165,97,251,10,99,242,512981.59
2025-07-01,SKU166,419,117,3,125,182,3017642.19
2025-07-01,SKU167,72,105,3,72,100,97806.24
2025-07-01,SKU168,400,129,12,58,209,714432.0
2025-07-01,SKU169,316,94,9,111,285,167562.16
2025-07-01,SKU170,108,261,8,77,170,70237.8
2025-07-01,SKU171,67,66,3,31,47,140618.26
2025-07-01,SKU172,9,19,3,13,18,6241.95
2025-07-01,SKU173,306,328,12,115,317,1907555.04
2025-07-01,SKU174,357,245,5,216,384,2407732.95
2025-07-01,SKU175,669,717,14,124,405,814949.04
2025-07-01,SKU176,102,77,5,46,74,614571.42
2025-07-01,SKU177,138,4,7,58,117,200500.2
2025-07-01,SKU178,350,265,13,101,270,611124.5
2025-07-01,SKU179,1192,178,10,171,697,9353135.28
2025-07-01,SKU180,509,337,8,234,635,342241.42
2025-07-01,SKU181,1227,157,3,161,295,8714313.51
2025-07-01,SKU182,202,317,8,128,277,321531.48
2025-07-01,SKU183,1492,1426,6,462,999,11705053.32
2025-07-01,SKU184,267,148,5,64,105,1689210.21
2025-07-01,SKU185,315,335,14,74,246,433049.4
2025-07-01,SKU186,281,899,12,151,492,726500.21
2025-07-01,SKU187,346,481,14,138,436,1827419.76
2025-07-01,SKU188,378,51,13,110,377,529351.2
2025-07-01,SKU189,222,215,14,25,117,871307.82
2025-07-01,SKU190,379,185,9,74,203,488618.17
2025-07-01,SKU191,86,225,12,34,148,306697.5
2025-07-01,SKU192,89,163,10,36,87,459985.82
2025-07-01,SKU193,243,305,13,58,178,470598.66
2025-07-01,SKU194,514,440,12,118,362,1391433.98
2025-07-01,SKU195,334,658,7,173,361,1310793.02
2025-07-01,SKU196,20,25,4,9,17,93731.0
2025-07-01,SKU197,521,213,4,66,130,2746503.6
2025-07-01,SKU198,382,124,5,51,123,1031652.12
2025-07-01,SKU199,156,532,12,93,328,560584.44
2025-07-01,SKU200,149,5,4,19,41,453718.41
2025-08-01,SKU001,709,1015,9,238,533,2588778.79
2025-08-01,SKU002,644,76,14,87,373,3641562.4
2025-08-01,SKU003,143,206,4,97,145,879282.69
2025-08-01,SKU004,167,186,7,116,244,207560.96
2025-08-01,SKU005,483,200,6,65,186,3589863.69
2025-08-01,SKU006,345,403,10,125,301,2286108.0
2025-08-01,SKU007,478,98,7,89,224,2173958.34
2025-08-01,SKU008,238,222,6,108,257,1586065.32
2025-08-01,SKU009,129,49,8,30,107,386687.82
2025-08-01,SKU010,38,4,4,14,27,272524.22
2025-08-01,SKU011,145,441,4,178,276,560728.05
2025-08-01,SKU012,55,112,13,27,82,79515.7
2025-08-01,SKU013,272,91,7,36,95,2107510.4
2025-08-01,SKU014,376,384,8,100,246,1173518.56
2025-08-01,SKU015,109,481,9,79,241,137001.01
2025-08-01,SKU016,236,119,10,46,152,474017.8
2025-08-01,SKU017,275,371,13,61,231,1843396.5
2025-08-01,SKU018,480,61,11,133,324,1282003.2
2025-08-01,SKU019,185,231,11,62,154,601797.6
2025-08-01,SKU020,636,223,5,117,292,3523020.24
2025-08-01,SKU021,33,8,6,48,86,10132.98
2025-08-01,SKU022,74,116,13,60,211,399791.66
2025-08-01,SKU023,228,286,13,37,151,867904.8
2025-08-01,SKU024,182,318,5,91,162,242684.26
2025-08-01,SKU025,594,562,8,227,507,2317194.0
2025-08-01,SKU026,96,90,12,20,97,593159.04
2025-08-01,SKU027,263,604,11,127,340,1205555.18
2025-08-01,SKU028,584,303,6,72,193,285482.56
2025-08-01,SKU029,773,394,6,169,338,2640645.3
2025-08-01,SKU030,83,56,6,24,65,171231.49
2025-08-01,SKU031,31,33,5,18,49,78285.85
2025-08-01,SKU032,175,140,3,57,91,799225.0
2025-08-01,SKU033,214,218,5,81,147,727493.0
2025-08-01,SKU034,104,83,9,36,89,160580.16
2025-08-01,SKU035,554,621,14,98,383,3239947.12
2025-08-01,SKU036,555,373,13,67,335,832422.3
2025-08-01,SKU037,640,585,7,304,643,3613747.2
2025-08-01,SKU038,148,73,11,35,153,474030.68
2025-08-01,SKU039,127,181,11,41,107,387864.35
2025-08-01,SKU040,52,83,14,50,143,60556.6
2025-08-01,SKU041,145,50,10,97,271,822545.85
2025-08-01,SKU042,116,68,3,19,38,900289.92
2025-08-01,SKU043,337,437,5,156,264,1257869.35
2025-08-01,SKU044,297,88,12,49,155,296117.91
2025-08-01,SKU045,234,268,10,73,234,425486.88
2025-08-01,SKU046,305,163,5,71,135,1445379.75
2025-08-01,SKU047,148,68,3,35,55,907022.44
2025-08-01,SKU048,31,23,13,15,58,111560.32
2025-08-01,SKU049,674,344,5,239,392,3562972.94
2025-08-01,SKU050,499,98,9,59,207,1732782.49
2025-08-01,SKU051,142,0,9,22,62,398511.64
2025-08-01,SKU052,37,98,10,37,90,38900.69
2025-08-01,SKU053,1038,365,5,356,596,7701627.84
2025-08-01,SKU054,172,167,13,34,119,505377.28
2025-08-01,SKU055,526,377,10,117,268,4039064.58
2025-08-01,SKU056,33,81,14,13,52,208434.6
2025-08-01,SKU057,176,32,7,34,102,713324.48
2025-08-01,SKU058,335,126,8,191,383,1568098.15
2025-08-01,SKU059,12,35,9,18,40,33835.92
2025-08-01,SKU060,110,77,9,51,133,401671.6
2025-08-01,SKU061,217,228,13,24,129,1561369.25
2025-08-01,SKU062,260,515,11,132,349,1181382.8
2025-08-01,SKU063,353,460,9,78,237,857634.68
2025-08-01,SKU064,516,375,8,149,305,3036252.36
2025-08-01,SKU065,433,204,3,132,182,3182155.97
2025-08-01,SKU066,322,596,12,140,357,173863.9
2025-08-01,SKU067,146,5,3,14,27,975407.02
2025-08-01,SKU068,402,268,10,69,230,1088547.66
2025-08-01,SKU069,402,261,10,254,589,1705159.38
2025-08-01,SKU070,284,162,12,74,234,2131232.56
2025-08-01,SKU071,243,35,11,23,108,880146.0
2025-08-01,SKU072,257,133,14,36,158,1840248.5
2025-08-01,SKU073,241,520,7,214,443,1728984.61
2025-08-01,SKU074,25,8,9,5,12,67461.25
2025-08-01,SKU075,1957,353,3,177,348,6156428.45
2025-08-01,SKU076,44,4,14,11,39,265655.28
2025-08-01,SKU077,54,92,5,30,76,114346.08
2025-08-01,SKU078,100,13,9,21,67,669112.0
2025-08-01,SKU079,241,95,4,86,167,1179748.02
2025-08-01,SKU080,614,633,14,123,417,1088235.18
2025-08-01,SKU081,103,444,13,119,314,801509.95
2025-08-01,SKU082,66,279,10,80,201,90103.86
2025-08-01,SKU083,67,0,4,7,15,85198.54
2025-08-01,SKU084,266,8,10,59,153,317657.2
2025-08-01,SKU085,97,36,12,76,218,461104.05
2025-08-01,SKU086,31,82,11,37,94,200941.07
2025-08-01,SKU087,181,589,14,105,350,229091.7
2025-08-01,SKU088,446,77,11,86,242,3317620.06
2025-08-01,SKU089,300,75,5,73,129,1210959.0
2025-08-01,SKU090,368,322,8,84,182,2817437.44
2025-08-01,SKU091,209,3,8,45,125,92515.94
2025-08-01,SKU092,61,38,3,13,20,314961.91
2025-08-01,SKU093,219,247,13,99,360,766092.66
2025-08-01,SKU094,16,18,4,5,10,77909.28
2025-08-01,SKU095,229,180,6,100,191,886736.09
2025-08-01,SKU096,52,128,13,23,75,20188.48
2025-08-01,SKU097,199,71,7,82,210,1278640.67
2025-08-01,SKU098,386,371,8,85,219,1684295.56
2025-08-01,SKU099,388,225,7,55,177,1910543.04
2025-08-01,SKU100,809,768,14,119,449,2548293.37
2025-08-01,SKU101,782,219,14,158,603,5452925.1
2025-08-01,SKU102,315,59,7,60,126,683789.4
2025-08-01,SKU103,380,283,9,76,278,2499795.8
2025-08-01,SKU104,99,33,7,59,122,75817.17
2025-08-01,SKU105,120,110,5,95,187,796938.0
2025-08-01,SKU106,279,277,3,150,226,380837.79
2025-08-01,SKU107,155,162,14,37,121,380769.9
2025-08-01,SKU108,45,27,14,5,24,51527.25
2025-08-01,SKU109,40,126,5,39,69,64138.8
2025-08-01,SKU110,354,31,5,156,290,1710301.44
2025-08-01,SKU111,33,53,11,24,82,89576.19
2025-08-01,SKU112,170,819,12,129,462,1195319.3
2025-08-01,SKU113,235,39,13,46,137,389303.35
2025-08-01,SKU114,116,1,14,83,240,253199.0
2025-08-01,SKU115,155,254,7,76,160,97916.6
2025-08-01,SKU116,63,68,5,36,63,271472.67
2025-08-01,SKU117,261,238,7,54,134,170354.7
2025-08-01,SKU118,30,71,7,21,46,30543.9
2025-08-01,SKU119,210,18,9,53,142,1646750.7
2025-08-01,SKU120,346,176,3,74,112,2176668.7
2025-08-01,SKU121,25,6,7,5,12,32319.5
2025-08-01,SKU122,44,207,13,41,120,186350.12
2025-08-01,SKU123,331,7,10,81,257,1070599.64
2025-08-01,SKU124,169,90,10,34,84,391250.21
2025-08-01,SKU125,412,498,12,90,310,1434126.68
2025-08-01,SKU126,604,415,11,133,342,1871324.88
2025-08-01,SKU127,479,245,9,92,241,1528417.15
2025-08-01,SKU128,821,119,7,85,250,2094198.59
2025-08-01,SKU129,91,56,6,16,33,361912.46
2025-08-01,SKU130,717,95,7,149,329,3154527.54
2025-08-01,SKU131,65,133,12,16,75,421462.6
2025-08-01,SKU132,192,146,11,68,225,989781.12
2025-08-01,SKU133,946,768,8,272,597,1720433.44
2025-08-01,SKU134,208,154,6,51,112,1439478.56
2025-08-01,SKU135,290,234,8,84,193,286227.1
2025-08-01,SKU136,94,49,4,25,49,85053.08
2025-08-01,SKU137,719,702,4,312,474,5522869.08
2025-08-01,SKU138,113,176,10,49,113,548167.52
2025-08-01,SKU139,519,343,3,152,216,3934907.49
2025-08-01,SKU140,910,226,6,139,325,4389011.9
2025-08-01,SKU141,375,197,3,152,220,591566.25
2025-08-01,SKU142,492,626,12,108,319,2305679.28
2025-08-01,SKU143,200,51,8,79,184,1234082.0
2025-08-01,SKU144,96,39,3,20,33,390162.24
2025-08-01,SKU145,797,894,8,148,461,938818.18
2025-08-01,SKU146,377,153,7,51,160,350511.98
2025-08-01,SKU147,127,120,4,51,103,793875.73
2025-08-01,SKU148,36,55,8,26,74,102084.84
2025-08-01,SKU149,163,289,7,50,153,382503.95
2025-08-01,SKU150,257,45,3,52,91,690535.87
2025-08-01,SKU151,1156,346,8,216,548,8675768.44
2025-08-01,SKU152,317,238,6,56,136,1020971.41
2025-08-01,SKU153,476,189,8,51,163,3572418.08
2025-08-01,SKU154,163,93,12,22,94,646312.93
2025-08-01,SKU155,87,157,7,39,90,505699.68
2025-08-01,SKU156,205,381,6,80,198,239483.05
2025-08-01,SKU157,59,77,11,11,41,70498.51
2025-08-01,SKU158,503,453,14,186,567,2800326.75
2025-08-01,SKU159,286,546,7,197,388,1900999.1
2025-08-01,SKU160,65,56,3,43,61,247243.75
2025-08-01,SKU161,296,215,6,81,181,2180904.32
2025-08-01,SKU162,886,234,5,163,315,980855.16
2025-08-01,SKU163,380,240,11,69,195,931110.2
2025-08-01,SKU164,262,26,12,55,174,281584.5
2025-08-01,SKU165,303,21,5,63,123,1602406.41
2025-08-01,SKU166,303,168,4,94,160,2182209.03
2025-08-01,SKU167,224,55,7,25,77,304286.08
2025-08-01,SKU168,207,265,13,42,175,369718.56
2025-08-01,SKU169,188,91,9,125,270,99688.88
2025-08-01,SKU170,196,93,4,36,72,127468.6
2025-08-01,SKU171,65,53,6,23,51,136420.7
2025-08-01,SKU172,36,16,8,13,33,24967.8
2025-08-01,SKU173,388,64,7,64,160,2418729.92
2025-08-01,SKU174,776,153,9,212,470,5233615.6
2025-08-01,SKU175,519,254,6,103,205,632225.04
2025-08-01,SKU176,74,15,13,14,72,445865.54
2025-08-01,SKU177,256,116,14,25,129,371942.4
2025-08-01,SKU178,205,8,3,36,63,357944.35
2025-08-01,SKU179,1148,565,5,223,424,9007885.32
2025-08-01,SKU180,1016,789,14,157,755,683138.08
2025-08-01,SKU181,480,1391,11,247,710,3409022.4
2025-08-01,SKU182,249,19,8,76,196,396343.26
2025-08-01,SKU183,1126,1419,9,516,1208,8833706.46
2025-08-01,SKU184,72,82,5,63,104,455517.36
2025-08-01,SKU185,249,223,11,45,148,342315.24
2025-08-01,SKU186,733,274,6,196,346,1895105.53
2025-08-01,SKU187,359,22,10,54,217,1896080.04
2025-08-01,SKU188,226,99,7,66,184,316490.4
2025-08-01,SKU189,113,100,8,39,84,443503.53
2025-08-01,SKU190,411,275,11,100,243,529873.53
2025-08-01,SKU191,49,103,12,47,132,174746.25
2025-08-01,SKU192,86,2,5,22,42,444480.68
2025-08-01,SKU193,139,41,14,42,157,269190.18
2025-08-01,SKU194,361,54,5,72,154,977252.27
2025-08-01,SKU195,225,88,3,159,224,883019.25
2025-08-01,SKU196,18,36,6,8,20,84357.9
2025-08-01,SKU197,433,402,10,83,211,2282602.8
2025-08-01,SKU198,384,13,6,51,134,1037053.44
2025-08-01,SKU199,294,381,5,121,205,1056486.06
2025-08-01,SKU200,127,156,14,24,101,386726.43
2025-09-01,SKU001,226,257,13,153,547,825196.06
2025-09-01,SKU002,120,34,10,57,240,678552.0
2025-09-01,SKU003,73,281,8,59,141,448864.59
2025-09-01,SKU004,424,246,10,50,215,526981.12
2025-09-01,SKU005,673,340,5,100,198,5002025.39
2025-09-01,SKU006,193,243,3,106,154,1278895.2
2025-09-01,SKU007,367,183,14,97,340,1669127.01
2025-09-01,SKU008,759,25,11,157,420,5058082.26
2025-09-01,SKU009,129,97,3,38,68,386687.82
2025-09-01,SKU010,37,46,9,19,48,265352.53
2025-09-01,SKU011,592,979,14,180,515,2289317.28
2025-09-01,SKU012,43,17,12,21,57,62166.82
2025-09-01,SKU013,202,226,7,69,133,1565136.4
2025-09-01,SKU014,346,269,7,117,230,1079886.76
2025-09-01,SKU015,268,69,6,76,182,336846.52
2025-09-01,SKU016,312,96,9,51,131,626667.6
2025-09-01,SKU017,239,206,6,71,134,1602079.14
2025-09-01,SKU018,277,317,11,125,305,739822.68
2025-09-01,SKU019,78,192,11,44,118,253730.88
2025-09-01,SKU020,851,406,5,246,413,4713978.34
2025-09-01,SKU021,89,123,9,21,74,27328.34
2025-09-01,SKU022,332,76,8,43,133,1793659.88
2025-09-01,SKU023,276,63,5,67,112,1050621.6
2025-09-01,SKU024,75,99,3,46,87,100007.25
2025-09-01,SKU025,322,488,4,160,296,1256122.0
2025-09-01,SKU026,110,18,3,25,41,679661.4
2025-09-01,SKU027,368,36,6,102,206,1686860.48
2025-09-01,SKU028,149,313,3,103,159,72837.16
2025-09-01,SKU029,664,989,14,102,501,2268290.4
2025-09-01,SKU030,86,137,10,19,82,177420.58
2025-09-01,SKU031,202,1,8,23,72,510120.7
2025-09-01,SKU032,126,113,3,42,75,575442.0
2025-09-01,SKU033,371,95,8,40,131,1261214.5
2025-09-01,SKU034,94,61,13,29,96,145139.76
2025-09-01,SKU035,491,201,8,140,292,2871505.48
2025-09-01,SKU036,300,447,8,119,261,449958.0
2025-09-01,SKU037,1077,263,14,239,816,6081258.96
2025-09-01,SKU038,132,118,7,73,144,422784.12
2025-09-01,SKU039,67,150,14,32,107,204621.35
2025-09-01,SKU040,32,122,11,29,84,37265.6
2025-09-01,SKU041,324,195,3,96,143,1837964.52
2025-09-01,SKU042,206,190,13,41,123,1598790.72
2025-09-01,SKU043,617,326,12,66,320,2302983.35
2025-09-01,SKU044,87,101,6,35,78,86741.61
2025-09-01,SKU045,104,279,9,82,217,189105.28
2025-09-01,SKU046,323,23,5,62,122,1530680.85
2025-09-01,SKU047,176,21,5,20,49,1078621.28
2025-09-01,SKU048,99,22,5,15,30,356273.28
2025-09-01,SKU049,349,247,10,136,408,1844922.19
2025-09-01,SKU050,405,45,14,113,355,1406366.55
2025-09-01,SKU051,38,71,7,17,52,106643.96
2025-09-01,SKU052,102,157,12,36,96,107239.74
2025-09-01,SKU053,812,707,11,147,587,6024780.16
2025-09-01,SKU054,109,12,10,30,93,320268.16
2025-09-01,SKU055,103,335,4,114,176,790919.49
2025-09-01,SKU056,69,54,13,14,40,435817.8
2025-09-01,SKU057,191,132,10,65,154,774119.18
2025-09-01,SKU058,134,669,11,136,375,627239.26
2025-09-01,SKU059,70,10,11,11,35,197376.2
2025-09-01,SKU060,54,219,14,51,174,197184.24
2025-09-01,SKU061,169,112,12,52,150,1215997.25
2025-09-01,SKU062,167,534,14,90,349,758811.26
2025-09-01,SKU063,181,207,5,131,213,439750.36
2025-09-01,SKU064,393,251,13,96,336,2312494.53
2025-09-01,SKU065,275,20,8,90,203,2020999.75
2025-09-01,SKU066,600,311,5,77,168,323970.0
2025-09-01,SKU067,79,21,5,15,33,527788.73
2025-09-01,SKU068,88,57,7,47,152,238289.04
2025-09-01,SKU069,613,426,3,137,231,2600155.97
2025-09-01,SKU070,346,152,13,58,219,2596501.64
2025-09-01,SKU071,56,216,7,55,113,202832.0
2025-09-01,SKU072,132,84,13,55,168,945186.0
2025-09-01,SKU073,868,657,10,142,428,6227214.28
2025-09-01,SKU074,6,6,12,5,14,16190.7
2025-09-01,SKU075,1653,269,13,265,963,5200090.05
2025-09-01,SKU076,27,12,10,12,30,163015.74
2025-09-01,SKU077,124,185,10,51,147,262572.48
2025-09-01,SKU078,127,36,4,23,40,849772.24
2025-09-01,SKU079,285,506,13,131,378,1395137.7
2025-09-01,SKU080,622,610,12,130,374,1102414.14
2025-09-01,SKU081,453,261,5,89,157,3525087.45
2025-09-01,SKU082,109,125,9,73,169,148807.89
2025-09-01,SKU083,62,37,8,13,33,78840.44
2025-09-01,SKU084,196,120,5,28,73,234063.2
2025-09-01,SKU085,231,148,13,81,230,1098093.15
2025-09-01,SKU086,94,74,4,33,53,609305.18
2025-09-01,SKU087,296,82,14,67,283,374647.2
2025-09-01,SKU088,502,111,7,111,216,3734182.22
2025-09-01,SKU089,197,98,4,48,85,795196.41
2025-09-01,SKU090,381,101,5,99,162,2916966.48
2025-09-01,SKU091,181,68,8,44,117,80121.46
2025-09-01,SKU092,26,7,4,13,22,134246.06
2025-09-01,SKU093,107,332,3,136,188,374300.98
2025-09-01,SKU094,14,19,10,5,13,68170.62
2025-09-01,SKU095,273,499,14,77,282,1057113.33
2025-09-01,SKU096,129,8,5,17,38,50082.96
2025-09-01,SKU097,139,438,11,112,284,893120.87
2025-09-01,SKU098,210,102,7,88,191,916326.6
2025-09-01,SKU099,84,10,13,76,284,413622.72
2025-09-01,SKU100,273,215,10,107,330,859930.89
2025-09-01,SKU101,613,646,8,125,348,4274479.65
2025-09-01,SKU102,223,208,10,47,133,484079.48
2025-09-01,SKU103,184,555,11,90,337,1210427.44
2025-09-01,SKU104,193,99,9,44,126,147805.19
2025-09-01,SKU105,371,334,14,69,274,2463866.65
2025-09-01,SKU106,494,867,13,186,505,674314.94
2025-09-01,SKU107,94,3,6,29,64,230918.52
2025-09-01,SKU108,11,32,14,6,17,12595.55
2025-09-01,SKU109,99,68,5,27,58,158743.53
2025-09-01,SKU110,673,626,9,136,368,3251505.28
2025-09-01,SKU111,86,24,12,21,82,233440.98
2025-09-01,SKU112,324,432,8,141,335,2278137.96
2025-09-01,SKU113,40,43,7,25,66,66264.4
2025-09-01,SKU114,350,142,9,49,141,763962.5
2025-09-01,SKU115,141,62,3,44,79,89072.52
2025-09-01,SKU116,69,19,3,32,47,297327.21
2025-09-01,SKU117,253,114,5,55,104,165133.1
2025-09-01,SKU118,48,58,13,8,43,48870.24
2025-09-01,SKU119,72,214,9,69,156,564600.24
2025-09-01,SKU120,379,158,10,46,156,2384270.05
2025-09-01,SKU121,13,19,9,8,18,16806.14
2025-09-01,SKU122,123,50,5,40,69,520933.29
2025-09-01,SKU123,145,273,11,57,217,468993.8
2025-09-01,SKU124,35,35,3,39,54,81028.15
2025-09-01,SKU125,389,358,4,112,180,1354066.21
2025-09-01,SKU126,142,366,8,100,246,439947.24
2025-09-01,SKU127,239,263,4,110,171,762613.15
2025-09-01,SKU128,740,172,4,146,232,1887584.6
2025-09-01,SKU129,14,53,5,16,28,55678.84
2025-09-01,SKU130,295,387,9,151,367,1297887.9
2025-09-01,SKU131,117,12,3,21,34,758632.68
2025-09-01,SKU132,220,393,12,90,246,1134124.2
2025-09-01,SKU133,357,1282,12,292,733,649254.48
2025-09-01,SKU134,332,193,9,37,126,2297629.24
2025-09-01,SKU135,225,160,14,35,197,222072.75
2025-09-01,SKU136,58,40,4,29,48,52479.56
2025-09-01,SKU137,851,971,14,287,795,6536803.32
2025-09-01,SKU138,70,52,13,22,98,339572.8
2025-09-01,SKU139,582,442,13,89,323,4412555.22
2025-09-01,SKU140,363,900,12,201,532,1750781.67
2025-09-01,SKU141,166,0,4,111,190,261866.66
2025-09-01,SKU142,526,55,10,61,218,2465014.84
2025-09-01,SKU143,194,38,4,53,107,1197059.54
2025-09-01,SKU144,45,51,5,33,56,182888.55
2025-09-01,SKU145,683,329,8,192,461,804533.02
2025-09-01,SKU146,338,215,13,74,265,314252.12
2025-09-01,SKU147,90,319,14,48,215,562589.1
2025-09-01,SKU148,103,133,11,32,84,292076.07
2025-09-01,SKU149,137,290,7,100,189,321491.05
2025-09-01,SKU150,218,5,13,61,207,585746.38
2025-09-01,SKU151,361,658,6,182,408,2709301.39
2025-09-01,SKU152,354,82,5,39,100,1140138.42
2025-09-01,SKU153,241,224,10,45,172,1808724.28
2025-09-01,SKU154,136,89,7,22,59,539254.96
2025-09-01,SKU155,58,111,8,46,94,337133.12
2025-09-01,SKU156,568,358,12,134,352,663543.28
2025-09-01,SKU157,63,38,11,8,31,75278.07
2025-09-01,SKU158,348,486,7,155,321,1937403.0
2025-09-01,SKU159,840,82,6,131,279,5583354.0
2025-09-01,SKU160,61,2,3,40,58,232028.75
2025-09-01,SKU161,127,2,8,82,204,935725.84
2025-09-01,SKU162,608,548,5,128,282,673092.48
2025-09-01,SKU163,193,201,8,66,156,472905.97
2025-09-01,SKU164,239,246,11,47,154,256865.25
2025-09-01,SKU165,154,201,7,64,132,814424.38
2025-09-01,SKU166,197,300,11,81,246,1418795.97
2025-09-01,SKU167,183,24,10,33,108,248590.86
2025-09-01,SKU168,80,306,14,31,154,142886.4
2025-09-01,SKU169,530,181,3,102,147,281037.8
2025-09-01,SKU170,184,101,4,34,70,119664.4
2025-09-01,SKU171,136,89,10,26,69,285434.08
2025-09-01,SKU172,48,0,5,13,23,33290.4
2025-09-01,SKU173,352,65,11,69,203,2194311.68
2025-09-01,SKU174,858,187,14,156,529,5786652.3
2025-09-01,SKU175,269,141,5,59,146,327685.04
2025-09-01,SKU176,68,8,11,15,64,409714.28
2025-09-01,SKU177,132,24,8,23,76,191782.8
2025-09-01,SKU178,170,157,4,53,93,296831.9
2025-09-01,SKU179,386,234,13,153,652,3028783.74
2025-09-01,SKU180,223,728,7,248,498,149940.74
2025-09-01,SKU181,481,472,3,209,321,3416124.53
2025-09-01,SKU182,300,457,11,114,273,477522.0
2025-09-01,SKU183,845,537,3,258,469,6629202.45
2025-09-01,SKU184,63,27,6,21,61,398577.69
2025-09-01,SKU185,227,111,13,32,155,312070.52
2025-09-01,SKU186,634,554,13,73,352,1639149.94
2025-09-01,SKU187,112,129,11,68,243,591534.72
2025-09-01,SKU188,439,138,3,104,156,614775.6
2025-09-01,SKU189,142,79,6,35,66,557323.02
2025-09-01,SKU190,124,44,12,52,186,159864.52
2025-09-01,SKU191,66,143,9,45,105,235372.5
2025-09-01,SKU192,97,30,7,15,43,501332.86
2025-09-01,SKU193,226,12,10,39,122,437676.12
2025-09-01,SKU194,79,350,10,48,190,213858.53
2025-09-01,SKU195,307,442,8,92,239,1204830.71
2025-09-01,SKU196,35,12,13,17,49,164029.25
2025-09-01,SKU197,65,108,10,75,202,342654.0
2025-09-01,SKU198,348,207,4,82,131,939829.68
2025-09-01,SKU199,196,217,6,79,164,704324.04
2025-09-01,SKU200,124,97,8,30,68,377591.16
2025-10-01,SKU001,663,307,3,132,226,2420818.53
2025-10-01,SKU002,599,204,13,112,350,3387105.4
2025-10-01,SKU003,310,103,5,45,100,1906137.3
2025-10-01,SKU004,189,326,9,78,218,234904.32
2025-10-01,SKU005,423,96,11,70,272,3143917.89
2025-10-01,SKU006,232,418,11,65,241,1537324.8
2025-10-01,SKU007,526,185,4,63,133,2392263.78
2025-10-01,SKU008,644,424,6,104,240,4291706.16
2025-10-01,SKU009,137,11,5,50,95,410668.46
2025-10-01,SKU010,117,1,12,25,67,839087.73
2025-10-01,SKU011,330,213,7,117,264,1276139.7
2025-10-01,SKU012,42,13,3,12,20,60721.08
2025-10-01,SKU013,110,218,11,43,123,852302.0
2025-10-01,SKU014,564,306,7,104,219,1760277.84
2025-10-01,SKU015,314,386,14,89,334,394663.46
2025-10-01,SKU016,158,80,7,34,100,317350.9
2025-10-01,SKU017,312,66,7,68,151,2091417.12
2025-10-01,SKU018,435,29,10,71,222,1161815.4
2025-10-01,SKU019,264,78,4,39,69,858781.44
2025-10-01,SKU020,774,183,4,101,230,4287449.16
2025-10-01,SKU021,101,48,6,34,73,31013.06
2025-10-01,SKU022,89,217,8,54,140,480830.51
2025-10-01,SKU023,221,176,12,52,155,841258.6
2025-10-01,SKU024,119,126,14,84,267,158678.17
2025-10-01,SKU025,330,150,4,174,302,1287330.0
2025-10-01,SKU026,56,39,13,42,115,346009.44
2025-10-01,SKU027,133,79,3,76,123,609653.38
2025-10-01,SKU028,269,142,7,136,258,131497.96
2025-10-01,SKU029,684,138,9,164,381,2336612.4
2025-10-01,SKU030,142,208,13,39,123,292950.26
2025-10-01,SKU031,132,192,11,51,125,333346.2
2025-10-01,SKU032,115,462,14,87,246,525205.0
2025-10-01,SKU033,259,94,6,81,144,880470.5
2025-10-01,SKU034,46,83,10,24,70,71025.84
2025-10-01,SKU035,394,292,4,131,207,2304222.32
2025-10-01,SKU036,423,156,13,120,352,634440.78
2025-10-01,SKU037,555,167,12,132,638,3133796.4
2025-10-01,SKU038,212,80,8,42,118,679016.92
2025-10-01,SKU039,135,113,4,43,65,412296.75
2025-10-01,SKU040,123,119,11,36,99,143239.65
2025-10-01,SKU041,469,261,12,63,250,2660510.37
2025-10-01,SKU042,70,82,8,53,109,543278.4
2025-10-01,SKU043,540,528,11,63,276,2015577.0
2025-10-01,SKU044,169,7,7,24,74,168498.07
2025-10-01,SKU045,216,224,14,43,240,392757.12
2025-10-01,SKU046,246,47,5,75,131,1165781.7
2025-10-01,SKU047,91,75,14,31,110,557696.23
2025-10-01,SKU048,70,4,3,20,31,251910.4
2025-10-01,SKU049,751,177,14,99,491,3970018.81
2025-10-01,SKU050,519,206,4,105,172,1802232.69
2025-10-01,SKU051,88,109,14,14,79,246964.96
2025-10-01,SKU052,51,105,13,39,104,53619.87
2025-10-01,SKU053,747,841,11,252,693,5542500.96
2025-10-01,SKU054,220,143,12,39,125,646412.8
2025-10-01,SKU055,288,131,11,113,277,2211503.04
2025-10-01,SKU056,78,70,13,15,51,492663.6
2025-10-01,SKU057,237,174,6,61,115,960556.26
2025-10-01,SKU058,360,39,10,83,299,1685120.4
2025-10-01,SKU059,62,61,7,17,32,174818.92
2025-10-01,SKU060,211,131,9,46,111,770479.16
2025-10-01,SKU061,50,121,5,32,68,359762.5
2025-10-01,SKU062,490,76,3,137,189,2226452.2
2025-10-01,SKU063,495,336,8,66,197,1202632.2
2025-10-01,SKU064,241,221,9,67,219,1418094.61
2025-10-01,SKU065,403,266,6,118,208,2961683.27
2025-10-01,SKU066,284,144,8,84,220,153345.8
2025-10-01,SKU067,23,65,8,20,48,153660.01
2025-10-01,SKU068,327,68,6,101,195,885460.41
2025-10-01,SKU069,879,553,6,225,402,3728445.51
2025-10-01,SKU070,159,140,5,59,121,1193190.06
2025-10-01,SKU071,256,9,8,25,84,927232.0
2025-10-01,SKU072,272,140,8,58,122,1947656.0
2025-10-01,SKU073,493,924,14,109,530,3536885.53
2025-10-01,SKU074,22,7,6,5,10,59365.9
2025-10-01,SKU075,449,918,7,333,702,1412486.65
2025-10-01,SKU076,9,32,13,10,31,54338.58
2025-10-01,SKU077,181,148,6,55,113,383271.12
2025-10-01,SKU078,83,31,9,18,65,555362.96
2025-10-01,SKU079,248,209,10,82,247,1214014.56
2025-10-01,SKU080,103,405,7,86,223,182554.11
2025-10-01,SKU081,161,190,6,82,164,1252845.65
2025-10-01,SKU082,140,94,12,37,160,191129.4
2025-10-01,SKU083,30,46,8,8,25,38148.6
2025-10-01,SKU084,306,114,13,63,182,365425.2
2025-10-01,SKU085,334,361,14,55,204,1587719.1
2025-10-01,SKU086,129,14,7,27,57,836174.13
2025-10-01,SKU087,306,217,6,94,188,387304.2
2025-10-01,SKU088,277,48,3,87,126,2060494.97
2025-10-01,SKU089,309,135,5,35,80,1247287.77
2025-10-01,SKU090,242,8,8,90,182,1852771.36
2025-10-01,SKU091,139,68,10,32,120,61529.74
2025-10-01,SKU092,48,31,7,10,24,247838.88
2025-10-01,SKU093,516,4,11,108,286,1805040.24
2025-10-01,SKU094,17,11,13,5,11,82778.61
2025-10-01,SKU095,130,103,6,69,161,503387.3
2025-10-01,SKU096,120,50,13,17,74,46588.8
2025-10-01,SKU097,299,76,3,81,130,1921173.67
2025-10-01,SKU098,228,115,4,85,154,994868.88
2025-10-01,SKU099,281,554,14,63,283,1383666.48
2025-10-01,SKU100,673,99,9,151,348,2119902.89
2025-10-01,SKU101,945,626,4,212,322,6589532.25
2025-10-01,SKU102,163,134,11,50,139,353833.88
2025-10-01,SKU103,104,116,5,109,212,684154.64
2025-10-01,SKU104,313,16,4,33,69,239704.79
2025-10-01,SKU105,261,41,8,112,237,1733340.15
2025-10-01,SKU106,484,335,5,69,177,660664.84
2025-10-01,SKU107,138,134,14,31,112,339008.04
2025-10-01,SKU108,24,11,4,5,10,27481.2
2025-10-01,SKU109,63,37,9,31,84,101018.61
2025-10-01,SKU110,254,379,11,187,452,1227165.44
2025-10-01,SKU111,189,77,6,33,68,513027.27
2025-10-01,SKU112,418,690,10,105,346,2939079.22
2025-10-01,SKU113,58,111,9,33,83,96083.38
2025-10-01,SKU114,230,85,3,79,115,502032.5
2025-10-01,SKU115,158,124,5,61,121,99811.76
2025-10-01,SKU116,150,41,14,33,108,646363.5
2025-10-01,SKU117,294,140,6,43,113,191893.8
2025-10-01,SKU118,34,66,7,19,41,34616.42
2025-10-01,SKU119,48,119,6,53,109,376400.16
2025-10-01,SKU120,190,35,11,50,176,1195280.5
2025-10-01,SKU121,13,1,5,5,11,16806.14
2025-10-01,SKU122,73,69,3,32,48,309171.79
2025-10-01,SKU123,233,431,12,76,245,753624.52
2025-10-01,SKU124,46,82,5,34,56,106494.14
2025-10-01,SKU125,447,414,8,90,221,1555957.83
2025-10-01,SKU126,379,55,10,92,270,1174225.38
2025-10-01,SKU127,351,163,8,87,220,1119988.35
2025-10-01,SKU128,616,332,8,82,254,1571286.64
2025-10-01,SKU129,23,74,13,10,45,91472.38
2025-10-01,SKU130,576,41,9,155,382,2534181.12
2025-10-01,SKU131,148,15,8,22,61,959637.92
2025-10-01,SKU132,409,315,10,85,207,2108439.99
2025-10-01,SKU133,243,191,11,226,648,441929.52
2025-10-01,SKU134,248,150,7,48,107,1716301.36
2025-10-01,SKU135,178,153,8,66,164,175684.22
2025-10-01,SKU136,65,81,5,31,58,58813.3
2025-10-01,SKU137,518,717,8,247,541,3978923.76
2025-10-01,SKU138,52,79,6,15,43,252254.08
2025-10-01,SKU139,317,132,5,150,247,2403402.07
2025-10-01,SKU140,226,680,9,112,362,1090018.34
2025-10-01,SKU141,280,75,8,68,222,441702.8
2025-10-01,SKU142,292,82,5,97,175,1368411.28
2025-10-01,SKU143,261,130,10,67,202,1610477.01
2025-10-01,SKU144,47,82,13,23,72,191016.93
2025-10-01,SKU145,359,470,3,140,242,422880.46
2025-10-01,SKU146,371,180,4,59,112,344933.54
2025-10-01,SKU147,408,98,3,84,119,2550403.92
2025-10-01,SKU148,121,42,7,24,61,343118.49
2025-10-01,SKU149,254,48,8,93,197,596049.1
2025-10-01,SKU150,312,34,4,83,134,838315.92
2025-10-01,SKU151,1099,785,11,141,531,8247984.01
2025-10-01,SKU152,196,191,11,59,206,631263.08
2025-10-01,SKU153,462,457,14,83,270,3467346.96
2025-10-01,SKU154,141,48,11,18,74,559080.51
2025-10-01,SKU155,96,11,5,21,56,558013.44
2025-10-01,SKU156,591,218,4,80,149,690412.11
2025-10-01,SKU157,18,47,6,15,27,21508.02
2025-10-01,SKU158,233,226,8,81,277,1297169.25
2025-10-01,SKU159,751,64,9,188,402,4991784.35
2025-10-01,SKU160,231,32,4,30,57,878666.25
2025-10-01,SKU161,471,181,9,106,239,3470290.32
2025-10-01,SKU162,419,231,4,151,260,463858.14
2025-10-01,SKU163,357,95,3,78,114,874753.53
2025-10-01,SKU164,242,36,14,69,205,260089.5
2025-10-01,SKU165,86,197,13,86,231,454808.42
2025-10-01,SKU166,457,280,11,50,198,3291318.57
2025-10-01,SKU167,284,144,5,37,77,385791.28
2025-10-01,SKU168,243,27,5,47,92,434017.44
2025-10-01,SKU169,442,25,14,88,302,234374.92
2025-10-01,SKU170,196,171,12,63,166,127468.6
2025-10-01,SKU171,158,45,14,23,90,331607.24
2025-10-01,SKU172,11,27,14,17,47,7629.05
2025-10-01,SKU173,167,188,12,68,208,1041051.28
2025-10-01,SKU174,780,559,14,79,451,5260593.0
2025-10-01,SKU175,213,316,9,87,246,259468.08
2025-10-01,SKU176,137,65,14,24,100,825453.77
2025-10-01,SKU177,120,95,3,48,68,174348.0
2025-10-01,SKU178,110,262,12,56,159,192067.7
2025-10-01,SKU179,511,116,4,142,291,4009607.49
2025-10-01,SKU180,1088,345,12,282,752,731549.44
2025-10-01,SKU181,857,74,3,288,396,6086525.41
2025-10-01,SKU182,411,238,7,57,149,654205.14
2025-10-01,SKU183,817,835,5,398,741,6409536.57
2025-10-01,SKU184,203,236,13,57,153,1284305.89
2025-10-01,SKU185,108,225,8,57,133,148474.08
2025-10-01,SKU186,367,44,14,105,411,948845.47
2025-10-01,SKU187,143,514,14,83,304,755263.08
2025-10-01,SKU188,89,508,12,104,291,124635.6
2025-10-01,SKU189,110,44,7,25,60,431729.1
2025-10-01,SKU190,336,71,3,74,111,433181.28
2025-10-01,SKU191,187,135,11,48,127,666888.75
2025-10-01,SKU192,97,60,7,14,39,501332.86
2025-10-01,SKU193,109,33,9,42,114,211091.58
2025-10-01,SKU194,190,50,9,98,228,514343.3
2025-10-01,SKU195,436,175,4,152,240,1711095.08
2025-10-01,SKU196,30,3,7,11,22,140596.5
2025-10-01,SKU197,275,12,12,45,181,1449690.0
2025-10-01,SKU198,85,344,14,48,196,229556.1
2025-10-01,SKU199,358,373,11,48,207,1286469.42
2025-10-01,SKU200,39,43,10,14,56,118758.51
2025-11-01,SKU001,197,334,12,135,463,719308.07
2025-11-01,SKU002,461,100,4,76,138,2606770.6
2025-11-01,SKU003,144,37,5,37,85,885431.52
2025-11-01,SKU004,534,249,10,72,236,663697.92
2025-11-01,SKU005,335,37,9,100,257,2489864.05
2025-11-01,SKU006,245,30,14,87,297,1623468.0
2025-11-01,SKU007,434,27,5,64,136,1973845.02
2025-11-01,SKU008,605,251,3,143,207,4031804.7
2025-11-01,SKU009,207,102,3,36,60,620499.06
2025-11-01,SKU010,83,62,10,14,41,595250.27
2025-11-01,SKU011,346,118,3,60,118,1338013.14
2025-11-01,SKU012,36,46,7,15,35,52046.64
2025-11-01,SKU013,54,126,9,25,86,418402.8
2025-11-01,SKU014,362,290,8,74,188,1129823.72
2025-11-01,SKU015,399,237,4,58,121,501499.11
2025-11-01,SKU016,313,63,6,69,126,628676.15
2025-11-01,SKU017,269,205,14,69,206,1803176.94
2025-11-01,SKU018,492,375,8,82,196,1314053.28
2025-11-01,SKU019,121,2,3,37,56,393608.16
2025-11-01,SKU020,338,826,11,105,434,1872296.92
2025-11-01,SKU021,56,194,13,40,113,17195.36
2025-11-01,SKU022,118,383,14,73,226,637505.62
2025-11-01,SKU023,247,201,8,42,101,940230.2
2025-11-01,SKU024,337,112,3,89,126,449365.91
2025-11-01,SKU025,295,53,3,194,278,1150795.0
2025-11-01,SKU026,47,59,12,20,77,290400.78
2025-11-01,SKU027,540,365,9,90,230,2475284.4
2025-11-01,SKU028,491,548,14,61,317,240020.44
2025-11-01,SKU029,317,287,4,95,194,1082903.7
2025-11-01,SKU030,66,25,4,23,47,136159.98
2025-11-01,SKU031,32,163,12,31,94,80811.2
2025-11-01,SKU032,271,354,13,71,206,1237657.0
2025-11-01,SKU033,212,101,9,54,129,720694.0
2025-11-01,SKU034,109,105,12,21,84,168300.36
2025-11-01,SKU035,579,5,4,117,185,3386154.12
2025-11-01,SKU036,318,61,11,77,245,476955.48
2025-11-01,SKU037,573,712,13,142,613,3235433.04
2025-11-01,SKU038,60,47,6,32,83,192174.6
2025-11-01,SKU039,152,94,6,20,53,464215.6
2025-11-01,SKU040,181,30,10,22,81,210783.55
2025-11-01,SKU041,292,418,14,97,311,1656437.16
2025-11-01,SKU042,151,48,8,44,96,1171929.12
2025-11-01,SKU043,112,491,10,75,251,418045.6
2025-11-01,SKU044,112,13,13,28,110,111667.36
2025-11-01,SKU045,284,121,13,70,227,516402.88
2025-11-01,SKU046,257,56,8,31,113,1217910.15
2025-11-01,SKU047,98,125,8,44,88,600595.94
2025-11-01,SKU048,73,59,7,17,37,262706.56
2025-11-01,SKU049,410,337,12,113,407,2167387.1
2025-11-01,SKU050,94,132,13,87,266,326415.94
2025-11-01,SKU051,124,143,9,34,75,347996.08
2025-11-01,SKU052,117,87,8,35,70,123010.29
2025-11-01,SKU053,1046,674,13,216,677,7760985.28
2025-11-01,SKU054,159,47,4,20,41,467180.16
2025-11-01,SKU055,372,383,11,65,195,2856524.76
2025-11-01,SKU056,25,74,13,12,44,157905.0
2025-11-01,SKU057,100,108,10,52,139,405298.0
2025-11-01,SKU058,175,230,10,121,311,819155.75
2025-11-01,SKU059,47,19,12,8,36,132524.02
2025-11-01,SKU060,158,93,6,31,72,576946.48
2025-11-01,SKU061,176,114,9,29,88,1266364.0
2025-11-01,SKU062,159,4,9,107,259,722461.02
2025-11-01,SKU063,374,204,10,53,210,908655.44
2025-11-01,SKU064,423,231,3,125,175,2489020.83
2025-11-01,SKU065,241,228,13,69,237,1771130.69
2025-11-01,SKU066,464,522,14,83,281,250536.8
2025-11-01,SKU067,115,82,5,24,43,768300.05
2025-11-01,SKU068,259,322,9,47,169,701327.97
2025-11-01,SKU069,752,110,14,167,535,3189750.88
2025-11-01,SKU070,309,202,4,73,115,2318841.06
2025-11-01,SKU071,158,73,5,33,62,572276.0
2025-11-01,SKU072,242,35,4,33,62,1732841.0
2025-11-01,SKU073,713,454,14,95,464,5115211.73
2025-11-01,SKU074,12,9,10,5,12,32381.4
2025-11-01,SKU075,539,329,12,240,807,1695613.15
2025-11-01,SKU076,18,18,4,7,13,108677.16
2025-11-01,SKU077,81,15,6,46,97,171519.12
2025-11-01,SKU078,104,46,6,27,55,695876.48
2025-11-01,SKU079,88,25,10,124,282,430779.36
2025-11-01,SKU080,457,178,3,67,119,809973.09
2025-11-01,SKU081,104,30,9,89,205,809291.6
2025-11-01,SKU082,210,241,8,65,138,286694.1
2025-11-01,SKU083,43,62,11,17,43,54679.66
2025-11-01,SKU084,153,52,4,45,75,182712.6
2025-11-01,SKU085,107,56,9,52,129,508640.55
2025-11-01,SKU086,130,51,6,17,44,842656.1
2025-11-01,SKU087,417,292,13,98,288,527796.9
2025-11-01,SKU088,400,111,9,102,221,2975444.0
2025-11-01,SKU089,172,6,12,44,158,694283.16
2025-11-01,SKU090,265,57,12,66,200,2028861.2
2025-11-01,SKU091,99,144,10,43,129,43823.34
2025-11-01,SKU092,39,43,6,7,22,201369.09
2025-11-01,SKU093,429,287,7,67,175,1500702.06
2025-11-01,SKU094,9,5,3,5,10,43823.97
2025-11-01,SKU095,322,442,13,100,281,1246851.62
2025-11-01,SKU096,42,31,13,18,65,16306.08
2025-11-01,SKU097,268,20,3,95,140,1721988.44
2025-11-01,SKU098,441,422,12,77,247,1924285.86
2025-11-01,SKU099,338,24,7,95,196,1664339.04
2025-11-01,SKU100,615,221,5,73,170,1937206.95
2025-11-01,SKU101,736,361,10,154,412,5132164.8
2025-11-01,SKU102,185,163,9,45,114,401590.6
2025-11-01,SKU103,567,366,10,129,323,3729958.47
2025-11-01,SKU104,237,36,10,64,146,181501.71
2025-11-01,SKU105,155,55,4,54,109,1029378.25
2025-11-01,SKU106,637,308,4,124,207,869511.37
2025-11-01,SKU107,31,72,14,32,107,76153.98
2025-11-01,SKU108,22,20,12,5,15,25191.1
2025-11-01,SKU109,89,67,8,38,80,142708.83
2025-11-01,SKU110,357,288,7,90,246,1724795.52
2025-11-01,SKU111,40,28,9,21,69,108577.2
2025-11-01,SKU112,591,147,4,94,177,4155492.39
2025-11-01,SKU113,67,118,7,35,74,110992.87
2025-11-01,SKU114,189,121,4,31,69,412539.75
2025-11-01,SKU115,92,229,8,45,131,58118.24
2025-11-01,SKU116,138,93,10,25,69,594654.42
2025-11-01,SKU117,231,48,5,33,82,150773.7
2025-11-01,SKU118,40,36,9,13,37,40725.2
2025-11-01,SKU119,109,120,8,39,108,854742.03
2025-11-01,SKU120,104,285,12,64,191,654258.8
2025-11-01,SKU121,8,11,5,5,10,10342.24
2025-11-01,SKU122,143,79,5,19,41,605637.89
2025-11-01,SKU123,400,91,11,41,177,1293776.0
2025-11-01,SKU124,31,113,11,28,67,71767.79
2025-11-01,SKU125,309,412,12,84,245,1075595.01
2025-11-01,SKU126,536,69,3,92,140,1660645.92
2025-11-01,SKU127,257,61,4,73,128,820048.45
2025-11-01,SKU128,95,97,14,131,394,242325.05
2025-11-01,SKU129,98,30,4,16,27,389751.88
2025-11-01,SKU130,579,567,9,138,326,2547379.98
2025-11-01,SKU131,84,8,5,35,60,544659.36
2025-11-01,SKU132,123,298,13,94,247,634078.53
2025-11-01,SKU133,454,216,14,145,590,825662.56
2025-11-01,SKU134,293,17,8,35,104,2027727.01
2025-11-01,SKU135,299,102,12,87,224,295110.01
2025-11-01,SKU136,103,104,12,39,101,93196.46
2025-11-01,SKU137,938,351,8,237,510,7205078.16
2025-11-01,SKU138,63,85,12,18,81,305615.52
2025-11-01,SKU139,237,75,11,60,251,1796865.27
2025-11-01,SKU140,801,619,11,75,345,3863295.09
2025-11-01,SKU141,522,147,12,71,287,823460.22
2025-11-01,SKU142,367,303,11,122,296,1719886.78
2025-11-01,SKU143,330,14,13,79,233,2036235.3
2025-11-01,SKU144,32,46,11,15,43,130054.08
2025-11-01,SKU145,1134,519,6,165,362,1335783.96
2025-11-01,SKU146,103,262,14,47,228,95763.22
2025-11-01,SKU147,156,33,5,61,119,975154.44
2025-11-01,SKU148,61,65,3,30,44,172977.09
2025-11-01,SKU149,188,313,11,77,203,441170.2
2025-11-01,SKU150,262,19,9,66,161,703970.42
2025-11-01,SKU151,915,167,7,201,436,6867065.85
2025-11-01,SKU152,113,282,14,46,210,363942.49
2025-11-01,SKU153,86,193,7,38,115,645436.88
2025-11-01,SKU154,27,93,8,17,53,107057.97
2025-11-01,SKU155,174,40,5,25,54,1011399.36
2025-11-01,SKU156,402,404,10,104,271,469620.42
2025-11-01,SKU157,16,11,9,13,29,19118.24
2025-11-01,SKU158,253,241,6,74,217,1408514.25
2025-11-01,SKU159,629,268,13,163,443,4180868.65
2025-11-01,SKU160,110,102,11,23,80,418412.5
2025-11-01,SKU161,320,285,10,62,214,2357734.4
2025-11-01,SKU162,929,487,13,94,450,1028458.74
2025-11-01,SKU163,220,0,5,47,95,539063.8
2025-11-01,SKU164,284,349,14,59,182,305229.0
2025-11-01,SKU165,325,158,9,70,159,1718752.75
2025-11-01,SKU166,251,234,8,83,193,1807704.51
2025-11-01,SKU167,148,176,13,41,128,201046.16
2025-11-01,SKU168,273,135,9,30,103,487599.84
2025-11-01,SKU169,355,327,9,87,217,188242.3
2025-11-01,SKU170,101,198,12,55,138,65685.35
2025-11-01,SKU171,115,30,13,20,69,241359.7
2025-11-01,SKU172,48,18,3,14,19,33290.4
2025-11-01,SKU173,293,57,6,42,105,1826515.12
2025-11-01,SKU174,366,399,4,131,228,2468432.1
2025-11-01,SKU175,288,210,11,99,252,350830.08
2025-11-01,SKU176,76,50,3,30,43,457915.96
2025-11-01,SKU177,219,2,8,45,95,318185.1
2025-11-01,SKU178,200,122,4,34,68,349214.0
2025-11-01,SKU179,613,699,8,186,459,4809959.67
2025-11-01,SKU180,507,1232,14,165,655,340896.66
2025-11-01,SKU181,1062,208,8,111,370,7542462.06
2025-11-01,SKU182,346,108,4,72,117,550742.04
2025-11-01,SKU183,1677,333,13,227,1011,13156417.17
2025-11-01,SKU184,39,68,3,29,49,246738.57
2025-11-01,SKU185,176,165,8,50,120,241957.76
2025-11-01,SKU186,527,48,3,130,195,1362511.07
2025-11-01,SKU187,385,226,10,57,185,2033400.6
2025-11-01,SKU188,272,241,7,91,181,380908.8
2025-11-01,SKU189,115,5,3,25,40,451353.15
2025-11-01,SKU190,127,121,6,77,141,163732.21
2025-11-01,SKU191,142,0,13,23,104,506407.5
2025-11-01,SKU192,67,82,9,11,43,346281.46
2025-11-01,SKU193,94,11,7,27,79,182042.28
2025-11-01,SKU194,117,273,13,42,212,316727.19
2025-11-01,SKU195,380,83,5,93,179,1491321.4
2025-11-01,SKU196,57,22,12,6,28,267133.35
2025-11-01,SKU197,104,193,8,64,141,548246.4
2025-11-01,SKU198,284,120,11,61,169,766987.44
2025-11-01,SKU199,94,223,3,82,124,337788.06
2025-11-01,SKU200,107,23,13,19,62,325824.63
2025-12-01,SKU001,771,147,4,159,289,2815160.01
2025-12-01,SKU002,526,29,3,94,149,2974319.6
2025-12-01,SKU003,349,12,3,88,123,2145941.67
2025-12-01,SKU004,259,254,6,98,196,321905.92
2025-12-01,SKU005,471,291,6,129,245,3500674.53
2025-12-01,SKU006,359,485,13,129,340,2378877.6
2025-12-01,SKU007,207,460,8,98,237,941442.21
2025-12-01,SKU008,325,155,3,91,161,2165845.5
2025-12-01,SKU009,75,89,7,63,131,224818.5
2025-12-01,SKU010,83,70,13,22,60,595250.27
2025-12-01,SKU011,753,269,3,179,247,2911918.77
2025-12-01,SKU012,47,60,12,16,58,67949.78
2025-12-01,SKU013,151,95,4,32,61,1169978.2
2025-12-01,SKU014,309,334,10,130,299,964407.54
2025-12-01,SKU015,187,245,9,119,265,235038.43
2025-12-01,SKU016,255,187,11,30,129,512180.25
2025-12-01,SKU017,95,26,12,108,274,636809.7
2025-12-01,SKU018,235,102,8,66,184,627647.4
2025-12-01,SKU019,227,114,14,25,126,738421.92
2025-12-01,SKU020,1002,353,3,129,227,5550418.68
2025-12-01,SKU021,88,97,9,36,88,27021.28
2025-12-01,SKU022,95,194,8,76,163,513246.05
2025-12-01,SKU023,130,79,12,41,148,494858.0
2025-12-01,SKU024,341,18,14,60,259,454699.63
2025-12-01,SKU025,1124,61,14,121,582,4384724.0
2025-12-01,SKU026,160,70,5,31,59,988598.4
2025-12-01,SKU027,567,103,3,83,133,2599048.62
2025-12-01,SKU028,174,55,11,114,337,85058.16
2025-12-01,SKU029,261,520,5,196,329,891602.1
2025-12-01,SKU030,166,32,9,43,104,342462.98
2025-12-01,SKU031,93,40,13,28,113,234857.55
2025-12-01,SKU032,278,214,11,60,185,1269626.0
2025-12-01,SKU033,208,168,12,55,183,707096.0
2025-12-01,SKU034,34,103,5,34,58,52497.36
2025-12-01,SKU035,670,76,8,137,304,3918347.6
2025-12-01,SKU036,383,135,3,77,129,574446.38
2025-12-01,SKU037,355,687,8,315,644,2004500.4
2025-12-01,SKU038,159,310,12,56,175,509262.69
2025-12-01,SKU039,93,35,3,17,31,284026.65
2025-12-01,SKU040,67,29,9,36,93,78024.85
2025-12-01,SKU041,440,40,4,78,139,2496001.2
2025-12-01,SKU042,90,120,6,41,88,698500.8
2025-12-01,SKU043,559,211,12,142,393,2086495.45
2025-12-01,SKU044,223,39,5,55,93,222337.69
2025-12-01,SKU045,307,142,4,88,142,558224.24
2025-12-01,SKU046,119,182,4,46,96,563935.05
2025-12-01,SKU047,201,129,9,44,99,1231834.53
2025-12-01,SKU048,106,50,3,22,31,381464.32
2025-12-01,SKU049,780,599,5,206,344,4123321.8
2025-12-01,SKU050,328,525,14,69,316,1138983.28
2025-12-01,SKU051,114,88,12,30,80,319931.88
2025-12-01,SKU052,36,0,3,29,43,37849.32
2025-12-01,SKU053,1262,513,7,177,459,9363636.16
2025-12-01,SKU054,223,85,12,21,99,655227.52
2025-12-01,SKU055,349,280,9,55,182,2679911.67
2025-12-01,SKU056,51,44,9,10,26,322126.2
2025-12-01,SKU057,220,86,9,35,113,891655.6
2025-12-01,SKU058,162,607,6,170,304,758304.18
2025-12-01,SKU059,82,2,4,7,16,231212.12
2025-12-01,SKU060,240,197,12,55,151,876374.4
2025-12-01,SKU061,246,21,10,62,140,1770031.5
2025-12-01,SKU062,271,339,10,112,282,1231364.38
2025-12-01,SKU063,378,141,4,127,196,918373.68
2025-12-01,SKU064,564,267,14,120,382,3318694.44
2025-12-01,SKU065,205,73,13,66,266,1506563.45
2025-12-01,SKU066,576,413,9,91,241,311011.2
2025-12-01,SKU067,83,31,8,17,47,554512.21
2025-12-01,SKU068,353,170,11,56,222,955863.99
2025-12-01,SKU069,731,85,9,125,391,3100675.39
2025-12-01,SKU070,436,418,12,71,242,3271892.24
2025-12-01,SKU071,126,82,5,58,97,456372.0
2025-12-01,SKU072,48,315,11,69,167,343704.0
2025-12-01,SKU073,412,361,12,114,479,2955774.52
2025-12-01,SKU074,18,0,9,5,11,48572.1
2025-12-01,SKU075,593,181,11,322,921,1865489.05
2025-12-01,SKU076,45,0,4,8,14,271692.9
2025-12-01,SKU077,185,13,7,34,111,391741.2
2025-12-01,SKU078,130,71,8,26,64,869845.6
2025-12-01,SKU079,567,274,4,74,143,2775589.74
2025-12-01,SKU080,228,273,9,121,299,404100.36
2025-12-01,SKU081,178,16,13,73,242,1385133.7
2025-12-01,SKU082,93,125,4,46,91,126964.53
2025-12-01,SKU083,72,35,11,15,44,91556.64
2025-12-01,SKU084,77,178,13,46,157,91953.4
2025-12-01,SKU085,324,40,11,75,208,1540182.6
2025-12-01,SKU086,119,6,9,29,77,771354.43
2025-12-01,SKU087,354,195,3,74,119,448057.8
2025-12-01,SKU088,478,188,4,104,163,3555655.58
2025-12-01,SKU089,330,101,8,34,113,1332054.9
2025-12-01,SKU090,310,344,11,43,176,2373384.8
2025-12-01,SKU091,249,180,4,74,113,110222.34
2025-12-01,SKU092,26,10,3,10,17,134246.06
2025-12-01,SKU093,443,158,8,93,239,1549676.02
2025-12-01,SKU094,18,7,11,5,14,87647.94
2025-12-01,SKU095,139,203,3,86,130,538237.19
2025-12-01,SKU096,124,64,6,13,36,48141.76
2025-12-01,SKU097,230,533,12,87,279,1477825.9
2025-12-01,SKU098,110,169,14,56,302,479980.6
2025-12-01,SKU099,511,11,6,113,217,2516204.88
2025-12-01,SKU100,185,604,11,77,313,582737.05
2025-12-01,SKU101,289,397,7,172,376,2015211.45
2025-12-01,SKU102,56,72,8,60,130,121562.56
2025-12-01,SKU103,140,230,12,97,349,920977.4
2025-12-01,SKU104,225,82,10,42,129,172311.75
2025-12-01,SKU105,204,21,6,78,168,1354794.6
2025-12-01,SKU106,186,311,13,97,384,253891.86
2025-12-01,SKU107,39,96,6,40,76,95806.62
2025-12-01,SKU108,7,15,12,5,16,8015.35
2025-12-01,SKU109,149,41,7,42,84,238917.03
2025-12-01,SKU110,511,193,3,112,192,2468824.96
2025-12-01,SKU111,105,134,11,18,69,285015.15
2025-12-01,SKU112,454,521,13,124,442,3192205.66
2025-12-01,SKU113,59,86,6,26,59,97739.99
2025-12-01,SKU114,235,76,8,41,125,512946.25
2025-12-01,SKU115,236,28,4,42,92,149085.92
2025-12-01,SKU116,114,114,8,21,65,491236.26
2025-12-01,SKU117,173,42,12,64,192,112917.1
2025-12-01,SKU118,67,13,6,15,33,68214.71
2025-12-01,SKU119,139,177,6,46,104,1089992.13
2025-12-01,SKU120,157,256,13,47,192,987679.15
2025-12-01,SKU121,10,5,11,7,18,12927.8
2025-12-01,SKU122,152,59,8,29,75,643754.96
2025-12-01,SKU123,132,589,14,80,298,426946.08
2025-12-01,SKU124,78,60,10,35,85,180577.02
2025-12-01,SKU125,326,178,9,129,285,1134770.14
2025-12-01,SKU126,304,358,11,79,281,941858.88
2025-12-01,SKU127,347,520,11,95,265,1107224.95
2025-12-01,SKU128,428,150,13,130,399,1091738.12
2025-12-01,SKU129,81,40,3,23,32,322141.86
2025-12-01,SKU130,692,322,6,135,274,3044537.04
2025-12-01,SKU131,95,135,9,39,87,615983.8
2025-12-01,SKU132,184,196,14,71,274,948540.24
2025-12-01,SKU133,1024,1089,14,271,781,1862287.36
2025-12-01,SKU134,191,180,11,43,146,1321828.87
2025-12-01,SKU135,223,288,10,86,213,220098.77
2025-12-01,SKU136,74,152,10,35,80,66956.68
2025-12-01,SKU137,468,437,12,202,662,3594857.76
2025-12-01,SKU138,77,80,13,37,116,373530.08
2025-12-01,SKU139,490,282,5,101,194,3715037.9
2025-12-01,SKU140,236,449,14,152,544,1138249.24
2025-12-01,SKU141,139,268,3,127,188,219273.89
2025-12-01,SKU142,349,604,14,104,316,1635532.66
2025-12-01,SKU143,328,234,7,68,163,2023894.48
2025-12-01,SKU144,115,31,13,15,66,467381.85
2025-12-01,SKU145,885,135,13,169,655,1042476.9
2025-12-01,SKU146,394,47,10,92,238,366317.56
2025-12-01,SKU147,154,83,10,70,187,962652.46
2025-12-01,SKU148,62,133,13,17,79,175812.78
2025-12-01,SKU149,387,332,9,85,199,908153.55
2025-12-01,SKU150,92,239,14,59,231,247195.72
2025-12-01,SKU151,981,971,5,299,486,7362395.19
2025-12-01,SKU152,490,205,14,62,261,1578157.7
2025-12-01,SKU153,376,143,3,64,104,2821910.08
2025-12-01,SKU154,189,50,6,19,51,749405.79
2025-12-01,SKU155,233,51,13,47,139,1354345.12
2025-12-01,SKU156,306,15,8,129,275,357472.26
2025-12-01,SKU157,47,40,10,14,33,56159.83
2025-12-01,SKU158,455,47,4,144,244,2533098.75
2025-12-01,SKU159,311,231,14,146,502,2067170.35
2025-12-01,SKU160,126,87,14,50,140,479272.5
2025-12-01,SKU161,270,169,10,86,251,1989338.4
2025-12-01,SKU162,353,166,8,126,353,390792.18
2025-12-01,SKU163,165,23,4,57,101,404297.85
2025-12-01,SKU164,190,228,11,53,166,204202.5
2025-12-01,SKU165,123,22,13,66,217,650481.81
2025-12-01,SKU166,89,204,8,56,178,640978.89
2025-12-01,SKU167,195,247,13,48,140,264891.9
2025-12-01,SKU168,237,208,8,45,116,423300.96
2025-12-01,SKU169,323,28,4,56,115,171273.98
2025-12-01,SKU170,261,138,12,37,154,169741.35
2025-12-01,SKU171,92,104,11,30,80,193087.76
2025-12-01,SKU172,57,34,7,7,22,39532.35
2025-12-01,SKU173,418,158,3,44,84,2605745.12
2025-12-01,SKU174,645,455,5,96,235,4350105.75
2025-12-01,SKU175,141,13,9,58,216,171760.56
2025-12-01,SKU176,133,75,6,34,62,801352.93
2025-12-01,SKU177,43,49,5,23,57,62474.7
2025-12-01,SKU178,289,67,4,70,108,504614.23
2025-12-01,SKU179,457,1139,7,320,600,3585891.63
2025-12-01,SKU180,533,47,14,189,740,358378.54
2025-12-01,SKU181,1192,381,8,155,444,8465738.96
2025-12-01,SKU182,412,22,8,80,186,655796.88
2025-12-01,SKU183,1018,347,9,530,1179,7986423.78
2025-12-01,SKU184,150,28,7,51,103,948994.5
2025-12-01,SKU185,197,63,8,47,125,270827.72
2025-12-01,SKU186,178,137,11,168,419,460202.98
2025-12-01,SKU187,394,126,4,111,170,2080934.64
2025-12-01,SKU188,246,261,8,105,232,344498.4
2025-12-01,SKU189,186,124,5,36,67,730014.66
2025-12-01,SKU190,68,309,13,75,244,87667.64
2025-12-01,SKU191,62,294,14,48,152,221107.5
2025-12-01,SKU192,132,52,9,30,68,682226.16
2025-12-01,SKU193,241,124,13,39,140,466725.42
2025-12-01,SKU194,92,146,3,85,132,249050.44
2025-12-01,SKU195,543,248,4,66,144,2131019.79
2025-12-01,SKU196,20,2,9,9,24,93731.0
2025-12-01,SKU197,223,49,8,72,186,1175566.8
2025-12-01,SKU198,294,62,11,38,163,793994.04
2025-12-01,SKU199,347,306,14,83,292,1246941.03
2025-12-01,SKU200,96,65,9,18,68,292328.64
